"序号","文件名","订单号","图片分组","图片ID","原始路径","来源URL"
"1","0001_451160139529831484620870_img_001.jpg","451160139529831484620870","拆封照片","img_001","C:\Users\HUAWEI\Desktop\audit_robot\data\guobu_api_all_20260708_203001\images\451160139529831484620870\img_001.jpg","https://static.jhddsz.com/approval/digital/2026/01/18/24ddc540-9c1e-45df-8ef6-a97aa01ac976.jpg"
"2","0002_451160139529831484620870_img_002.jpg","451160139529831484620870","SN码采集 / 激活照片","img_002","C:\Users\HUAWEI\Desktop\audit_robot\data\guobu_api_all_20260708_203001\images\451160139529831484620870\img_002.jpg","https://static.jhddsz.com/approval/digital/2026/01/31/406d8470-02f3-482a-8100-c2573470a3a6.jpg"
"3","0003_451160139611908951244892_img_001.jpg","451160139611908951244892","拆封照片","img_001","C:\Users\HUAWEI\Desktop\audit_robot\data\guobu_api_all_20260708_203001\images\451160139611908951244892\img_001.jpg","https://static.jhddsz.com/approval/digital/2026/01/18/a1a0a14f-8c75-48a2-9c77-5894e7bcfbc0.jpg"
"4","0004_451160139611908951244892_img_002.jpg","451160139611908951244892","SN码采集 / 激活照片","img_002","C:\Users\HUAWEI\Desktop\audit_robot\data\guobu_api_all_20260708_203001\images\451160139611908951244892\img_002.jpg","https://static.jhddsz.com/approval/digital/2026/01/18/91c6567a-499b-44e6-8712-d95cbcc52704.jpg"
"5","0005_451160140873102632550472_img_001.png","451160140873102632550472","拆封照片","img_001","C:\Users\HUAWEI\Desktop\audit_robot\data\guobu_api_all_20260708_203001\images\451160140873102632550472\img_001.png","https://static.jhddsz.com/approval/digital/2026/01/23/bc31cb80-6255-47b4-a4ee-af9883b4ff1b.png"
"6","0006_451160140873102632550472_img_002.jpg","451160140873102632550472","SN码采集 / 激活照片","img_002","C:\Users\HUAWEI\Desktop\audit_robot\data\guobu_api_all_20260708_203001\images\451160140873102632550472\img_002.jpg","https://static.jhddsz.com/approval/digital/2026/01/23/628da1cf-aa9b-42d4-9afc-24207b04cefc.jpg"
"7","0007_451160141355236222566404_img_001.jpg","451160141355236222566404","拆封照片","img_001","C:\Users\HUAWEI\Desktop\audit_robot\data\guobu_api_all_20260708_203001\images\451160141355236222566404\img_001.jpg","https://static.jhddsz.com/approval/digital/2026/01/18/fb2cdb7a-f89d-4a5f-a6b3-c45c19e7bc35.jpg"
"8","0008_451160141355236222566404_img_002.jpg","451160141355236222566404","SN码采集 / 激活照片","img_002","C:\Users\HUAWEI\Desktop\audit_robot\data\guobu_api_all_20260708_203001\images\451160141355236222566404\img_002.jpg","https://static.jhddsz.com/approval/digital/2026/01/18/e81f6595-cdd9-4d67-9357-e7ed3302ba0d.jpg"
"9","0009_451160141390058147020826_img_001.jpg","451160141390058147020826","拆封照片","img_001","C:\Users\HUAWEI\Desktop\audit_robot\data\guobu_api_all_20260708_203001\images\451160141390058147020826\img_001.jpg","https://static.jhddsz.com/approval/digital/2026/01/18/3a19dde2-dad6-4e60-bb8c-dc23de471560.jpg"
"10","0010_451160141390058147020826_img_002.jpg","451160141390058147020826","SN码采集 / 激活照片","img_002","C:\Users\HUAWEI\Desktop\audit_robot\data\guobu_api_all_20260708_203001\images\451160141390058147020826\img_002.jpg","https://static.jhddsz.com/approval/digital/2026/01/18/857512c6-4d98-49e5-b4bd-af4b459fe6a8.jpg"
"11","0011_451160141423377701273607_img_001.jpg","451160141423377701273607","拆封照片","img_001","C:\Users\HUAWEI\Desktop\audit_robot\data\guobu_api_all_20260708_203001\images\451160141423377701273607\img_001.jpg","https://static.jhddsz.com/approval/digital/2026/01/18/4d25f7ad-8758-4bb8-a6cb-1b897f3c21b5.jpg"
"12","0012_451160141423377701273607_img_002.jpg","451160141423377701273607","SN码采集 / 激活照片","img_002","C:\Users\HUAWEI\Desktop\audit_robot\data\guobu_api_all_20260708_203001\images\451160141423377701273607\img_002.jpg","https://static.jhddsz.com/approval/digital/2026/01/18/e41c2358-162a-4345-acab-b8e197166793.jpg"
"13","0013_451160142740045165363240_img_001.jpg","451160142740045165363240","拆封照片","img_001","C:\Users\HUAWEI\Desktop\audit_robot\data\guobu_api_all_20260708_203001\images\451160142740045165363240\img_001.jpg","https://static.jhddsz.com/approval/digital/2026/01/18/fd0e5fa4-cd2d-4743-ba26-4c4c9deccf6e.jpg"
"14","0014_451160142740045165363240_img_002.jpg","451160142740045165363240","SN码采集 / 激活照片","img_002","C:\Users\HUAWEI\Desktop\audit_robot\data\guobu_api_all_20260708_203001\images\451160142740045165363240\img_002.jpg","https://static.jhddsz.com/approval/digital/2026/01/18/df0c7895-6418-4694-afc9-a1d68564aa4e.jpg"
"15","0015_451160142922533519360004_img_001.jpg","451160142922533519360004","拆封照片","img_001","C:\Users\HUAWEI\Desktop\audit_robot\data\guobu_api_all_20260708_203001\images\451160142922533519360004\img_001.jpg","https://static.jhddsz.com/approval/digital/2026/01/18/3b1ae189-d6a3-4dc2-9d2b-bf460b0d12a3.jpg"
"16","0016_451160142922533519360004_img_002.jpg","451160142922533519360004","SN码采集 / 激活照片","img_002","C:\Users\HUAWEI\Desktop\audit_robot\data\guobu_api_all_20260708_203001\images\451160142922533519360004\img_002.jpg","https://static.jhddsz.com/approval/digital/2026/01/18/9385c73d-509f-464e-a89a-60053b00798d.jpg"
"17","0017_451160143498647119462418_img_001.jpg","451160143498647119462418","拆封照片","img_001","C:\Users\HUAWEI\Desktop\audit_robot\data\guobu_api_all_20260708_203001\images\451160143498647119462418\img_001.jpg","https://static.jhddsz.com/approval/digital/2026/01/18/345c1564-c205-469b-8be6-81a2552e9218.jpg"
"18","0018_451160143498647119462418_img_002.jpg","451160143498647119462418","SN码采集 / 激活照片","img_002","C:\Users\HUAWEI\Desktop\audit_robot\data\guobu_api_all_20260708_203001\images\451160143498647119462418\img_002.jpg","https://static.jhddsz.com/approval/digital/2026/01/18/c2d95ecd-9e70-421a-a184-4be5444a1e00.jpg"
"19","0019_451160144295310786560084_img_001.jpg","451160144295310786560084","拆封照片","img_001","C:\Users\HUAWEI\Desktop\audit_robot\data\guobu_api_all_20260708_203001\images\451160144295310786560084\img_001.jpg","https://static.jhddsz.com/approval/digital/2026/01/18/23f1475a-41bd-4c91-a435-8050961fd506.jpg"
"20","0020_451160144295310786560084_img_002.jpg","451160144295310786560084","SN码采集 / 激活照片","img_002","C:\Users\HUAWEI\Desktop\audit_robot\data\guobu_api_all_20260708_203001\images\451160144295310786560084\img_002.jpg","https://static.jhddsz.com/approval/digital/2026/01/18/60bc8906-acaa-4504-8955-f8bb6777f126.jpg"
"21","0021_451160144940115401113662_img_001.jpg","451160144940115401113662","拆封照片","img_001","C:\Users\HUAWEI\Desktop\audit_robot\data\guobu_api_all_20260708_203001\images\451160144940115401113662\img_001.jpg","https://static.jhddsz.com/approval/digital/2026/01/18/989cdf4e-6874-43ea-8e01-4bbdc467efc9.jpg"
"22","0022_451160144940115401113662_img_002.jpg","451160144940115401113662","SN码采集 / 激活照片","img_002","C:\Users\HUAWEI\Desktop\audit_robot\data\guobu_api_all_20260708_203001\images\451160144940115401113662\img_002.jpg","https://static.jhddsz.com/approval/digital/2026/01/18/24ba3be9-faa8-44d2-9cca-bdaa8afc1842.jpg"
"23","0023_451160145656885805056051_img_001.jpg","451160145656885805056051","拆封照片","img_001","C:\Users\HUAWEI\Desktop\audit_robot\data\guobu_api_all_20260708_203001\images\451160145656885805056051\img_001.jpg","https://static.jhddsz.com/approval/digital/2026/01/18/dbd880e4-f9dc-4ec7-a7e0-7fe8e7668632.jpg"
"24","0024_451160145656885805056051_img_002.jpg","451160145656885805056051","SN码采集 / 激活照片","img_002","C:\Users\HUAWEI\Desktop\audit_robot\data\guobu_api_all_20260708_203001\images\451160145656885805056051\img_002.jpg","https://static.jhddsz.com/approval/digital/2026/01/18/2561ef66-10e8-455d-b879-6c07645e2429.jpg"
"25","0025_451160146154535007027239_img_001.jpg","451160146154535007027239","拆封照片","img_001","C:\Users\HUAWEI\Desktop\audit_robot\data\guobu_api_all_20260708_203001\images\451160146154535007027239\img_001.jpg","https://static.jhddsz.com/approval/digital/2026/01/18/3cf412d8-5094-4500-8903-dc87873054de.jpg"
"26","0026_451160146154535007027239_img_002.jpg","451160146154535007027239","SN码采集 / 激活照片","img_002","C:\Users\HUAWEI\Desktop\audit_robot\data\guobu_api_all_20260708_203001\images\451160146154535007027239\img_002.jpg","https://static.jhddsz.com/approval/digital/2026/01/18/8847368e-2dc4-4f79-9501-ba023a12cbce.jpg"
"27","0027_451160147063688164147239_img_001.jpg","451160147063688164147239","拆封照片","img_001","C:\Users\HUAWEI\Desktop\audit_robot\data\guobu_api_all_20260708_203001\images\451160147063688164147239\img_001.jpg","https://static.jhddsz.com/approval/digital/2026/01/18/a6038865-8b2e-4082-a857-a5b3ee05ed35.jpg"
"28","0028_451160147063688164147239_img_002.jpg","451160147063688164147239","SN码采集 / 激活照片","img_002","C:\Users\HUAWEI\Desktop\audit_robot\data\guobu_api_all_20260708_203001\images\451160147063688164147239\img_002.jpg","https://static.jhddsz.com/approval/digital/2026/01/18/fe5075b3-2e1c-46fd-84e8-a035c8cdc45b.jpg"
"29","0029_451160147511400726528064_img_001.png","451160147511400726528064","拆封照片","img_001","C:\Users\HUAWEI\Desktop\audit_robot\data\guobu_api_all_20260708_203001\images\451160147511400726528064\img_001.png","https://static.jhddsz.com/approval/digital/2026/01/18/1b2a2bf6-1adf-4290-be7b-2daf66316a1f.png"
"30","0030_451160147511400726528064_img_002.png","451160147511400726528064","SN码采集 / 激活照片","img_002","C:\Users\HUAWEI\Desktop\audit_robot\data\guobu_api_all_20260708_203001\images\451160147511400726528064\img_002.png","https://static.jhddsz.com/approval/digital/2026/01/18/01a64b1a-9c86-4c83-a7df-882a12212330.png"
"31","0031_451160147680720610918443_img_001.jpg","451160147680720610918443","拆封照片","img_001","C:\Users\HUAWEI\Desktop\audit_robot\data\guobu_api_all_20260708_203001\images\451160147680720610918443\img_001.jpg","https://static.jhddsz.com/approval/digital/2026/01/18/9eaf9289-1c9f-4016-9f91-78feb5358bef.jpg"
"32","0032_451160147680720610918443_img_002.jpg","451160147680720610918443","SN码采集 / 激活照片","img_002","C:\Users\HUAWEI\Desktop\audit_robot\data\guobu_api_all_20260708_203001\images\451160147680720610918443\img_002.jpg","https://static.jhddsz.com/approval/digital/2026/01/18/72809b94-dd49-4dc9-abdd-681098c3551b.jpg"
"33","0033_451160147996366313881608_img_001.jpg","451160147996366313881608","拆封照片","img_001","C:\Users\HUAWEI\Desktop\audit_robot\data\guobu_api_all_current_page2_20260708_230334\images\451160147996366313881608\img_001.jpg","https://static.jhddsz.com/approval/digital/2026/01/18/4ddf01c3-e633-4bc0-9fbd-08283676429c.jpg"
"34","0034_451160147996366313881608_img_002.jpg","451160147996366313881608","SN码采集 / 激活照片","img_002","C:\Users\HUAWEI\Desktop\audit_robot\data\guobu_api_all_current_page2_20260708_230334\images\451160147996366313881608\img_002.jpg","https://static.jhddsz.com/approval/digital/2026/01/18/4acd40ac-8351-4697-a942-41c2556745f8.jpg"
"35","0035_451160148092375583948823_img_001.jpg","451160148092375583948823","拆封照片","img_001","C:\Users\HUAWEI\Desktop\audit_robot\data\guobu_api_all_20260708_203001\images\451160148092375583948823\img_001.jpg","https://static.jhddsz.com/approval/digital/2026/01/18/902ad454-cf2b-47e6-aa94-ad6046516a6c.jpg"
"36","0036_451160148092375583948823_img_002.jpg","451160148092375583948823","SN码采集 / 激活照片","img_002","C:\Users\HUAWEI\Desktop\audit_robot\data\guobu_api_all_20260708_203001\images\451160148092375583948823\img_002.jpg","https://static.jhddsz.com/approval/digital/2026/01/18/78d39c20-b247-4149-97be-efadae155c57.jpg"
"37","0037_451160148395018049945603_img_001.jpg","451160148395018049945603","拆封照片","img_001","C:\Users\HUAWEI\Desktop\audit_robot\data\guobu_api_all_20260708_203001\images\451160148395018049945603\img_001.jpg","https://static.jhddsz.com/approval/digital/2026/01/18/19e6373a-a94f-494f-ab82-29613db1bde4.jpg"
"38","0038_451160148395018049945603_img_002.jpg","451160148395018049945603","SN码采集 / 激活照片","img_002","C:\Users\HUAWEI\Desktop\audit_robot\data\guobu_api_all_20260708_203001\images\451160148395018049945603\img_002.jpg","https://static.jhddsz.com/approval/digital/2026/01/18/1845386b-8e2f-4471-befb-aeacae7fb222.jpg"
"39","0039_451160148549435631206410_img_001.jpg","451160148549435631206410","拆封照片","img_001","C:\Users\HUAWEI\Desktop\audit_robot\data\guobu_api_all_current_page2_20260708_230334\images\451160148549435631206410\img_001.jpg","https://static.jhddsz.com/approval/digital/2026/01/18/8d6747b9-e816-49b4-bc62-ba0a68038ce3.jpg"
"40","0040_451160148549435631206410_img_002.jpg","451160148549435631206410","SN码采集 / 激活照片","img_002","C:\Users\HUAWEI\Desktop\audit_robot\data\guobu_api_all_current_page2_20260708_230334\images\451160148549435631206410\img_002.jpg","https://static.jhddsz.com/approval/digital/2026/01/18/4b175a7f-32dc-4979-a8a3-adba7995355c.jpg"
"41","0041_451160148582678829465652_img_001.jpg","451160148582678829465652","拆封照片","img_001","C:\Users\HUAWEI\Desktop\audit_robot\data\guobu_api_all_20260708_203001\images\451160148582678829465652\img_001.jpg","https://static.jhddsz.com/approval/digital/2026/01/18/db89a4fa-2923-4405-8988-c9e65b95a259.jpg"
"42","0042_451160148582678829465652_img_002.jpg","451160148582678829465652","SN码采集 / 激活照片","img_002","C:\Users\HUAWEI\Desktop\audit_robot\data\guobu_api_all_20260708_203001\images\451160148582678829465652\img_002.jpg","https://static.jhddsz.com/approval/digital/2026/01/18/25d16e83-3b07-4b8e-b579-5901888b4b81.jpg"
"43","0043_451160149754774578790429_img_001.jpg","451160149754774578790429","拆封照片","img_001","C:\Users\HUAWEI\Desktop\audit_robot\data\guobu_api_all_current_page2_20260708_230334\images\451160149754774578790429\img_001.jpg","https://static.jhddsz.com/approval/digital/2026/01/18/750997ed-05e2-413e-beba-f2db9eae2e4f.jpg"
"44","0044_451160149754774578790429_img_002.jpg","451160149754774578790429","SN码采集 / 激活照片","img_002","C:\Users\HUAWEI\Desktop\audit_robot\data\guobu_api_all_current_page2_20260708_230334\images\451160149754774578790429\img_002.jpg","https://static.jhddsz.com/approval/digital/2026/01/18/ac7c6f28-7cf5-4d1d-aa7c-a8279e990b11.jpg"
"45","0045_451160150022990230323220_img_001.jpg","451160150022990230323220","拆封照片","img_001","C:\Users\HUAWEI\Desktop\audit_robot\data\guobu_api_all_20260708_203001\images\451160150022990230323220\img_001.jpg","https://static.jhddsz.com/approval/digital/2026/01/18/810b4bfd-5a3b-43d1-9549-9d7111dbb015.jpg"
"46","0046_451160150022990230323220_img_002.jpg","451160150022990230323220","SN码采集 / 激活照片","img_002","C:\Users\HUAWEI\Desktop\audit_robot\data\guobu_api_all_20260708_203001\images\451160150022990230323220\img_002.jpg","https://static.jhddsz.com/approval/digital/2026/01/18/09b68fdc-bc60-428a-86cb-58474fc85ab7.jpg"
"47","0047_451160150291423949619298_img_001.jpg","451160150291423949619298","拆封照片","img_001","C:\Users\HUAWEI\Desktop\audit_robot\data\guobu_api_all_20260708_203001\images\451160150291423949619298\img_001.jpg","https://static.jhddsz.com/approval/digital/2026/01/18/c4426ab5-f0f1-49ed-8432-938dc3bed79a.jpg"
"48","0048_451160150291423949619298_img_002.jpg","451160150291423949619298","SN码采集 / 激活照片","img_002","C:\Users\HUAWEI\Desktop\audit_robot\data\guobu_api_all_20260708_203001\images\451160150291423949619298\img_002.jpg","https://static.jhddsz.com/approval/digital/2026/01/18/c44073ce-57bd-4174-9feb-9c98e720e247.jpg"
"49","0049_451160150346581599846429_img_001.jpg","451160150346581599846429","拆封照片","img_001","C:\Users\HUAWEI\Desktop\audit_robot\data\guobu_api_all_current_page2_20260708_230334\images\451160150346581599846429\img_001.jpg","https://static.jhddsz.com/approval/digital/2026/01/18/74eb5003-4e1a-465d-af28-cc7077d1093f.jpg"
"50","0050_451160150346581599846429_img_002.jpg","451160150346581599846429","SN码采集 / 激活照片","img_002","C:\Users\HUAWEI\Desktop\audit_robot\data\guobu_api_all_current_page2_20260708_230334\images\451160150346581599846429\img_002.jpg","https://static.jhddsz.com/approval/digital/2026/01/18/c6485d75-39f9-4cdc-8637-a1bb5564b9ca.jpg"
"51","0051_451160150619150090240086_img_001.jpg","451160150619150090240086","拆封照片","img_001","C:\Users\HUAWEI\Desktop\audit_robot\data\guobu_api_all_current_page2_20260708_230334\images\451160150619150090240086\img_001.jpg","https://static.jhddsz.com/approval/digital/2026/01/18/00ab1230-6734-4295-a6e8-97529931a596.jpg"
"52","0052_451160150619150090240086_img_002.jpg","451160150619150090240086","SN码采集 / 激活照片","img_002","C:\Users\HUAWEI\Desktop\audit_robot\data\guobu_api_all_current_page2_20260708_230334\images\451160150619150090240086\img_002.jpg","https://static.jhddsz.com/approval/digital/2026/01/18/78a8038c-7cbb-4b60-b230-c3164114c654.jpg"
"53","0053_451160150649941396684858_img_001.jpg","451160150649941396684858","拆封照片","img_001","C:\Users\HUAWEI\Desktop\audit_robot\data\guobu_api_all_current_page2_20260708_230334\images\451160150649941396684858\img_001.jpg","https://static.jhddsz.com/approval/digital/2026/01/18/ad54bfcc-bcab-40b5-ae9b-837445e3bd8e.jpg"
"54","0054_451160150649941396684858_img_002.jpg","451160150649941396684858","SN码采集 / 激活照片","img_002","C:\Users\HUAWEI\Desktop\audit_robot\data\guobu_api_all_current_page2_20260708_230334\images\451160150649941396684858\img_002.jpg","https://static.jhddsz.com/approval/digital/2026/01/18/91be689a-cdbb-4060-9031-0cbbb7827b8a.jpg"
"55","0055_451160151010100379648043_img_001.jpg","451160151010100379648043","拆封照片","img_001","C:\Users\HUAWEI\Desktop\audit_robot\data\guobu_api_all_current_page2_20260708_230334\images\451160151010100379648043\img_001.jpg","https://static.jhddsz.com/approval/digital/2026/01/18/f319ff13-0a0f-43f8-afd1-6c8eb997105b.jpg"
"56","0056_451160151010100379648043_img_002.jpg","451160151010100379648043","SN码采集 / 激活照片","img_002","C:\Users\HUAWEI\Desktop\audit_robot\data\guobu_api_all_current_page2_20260708_230334\images\451160151010100379648043\img_002.jpg","https://static.jhddsz.com/approval/digital/2026/01/18/7c58d11b-d834-4eb6-b6cb-ab1c2a13df01.jpg"
"57","0057_451160151295916975718411_img_001.jpg","451160151295916975718411","拆封照片","img_001","C:\Users\HUAWEI\Desktop\audit_robot\data\guobu_api_all_current_page2_20260708_230334\images\451160151295916975718411\img_001.jpg","https://static.jhddsz.com/approval/digital/2026/01/18/63dca105-7a81-4dee-9717-535dee34faab.jpg"
"58","0058_451160151295916975718411_img_002.jpg","451160151295916975718411","SN码采集 / 激活照片","img_002","C:\Users\HUAWEI\Desktop\audit_robot\data\guobu_api_all_current_page2_20260708_230334\images\451160151295916975718411\img_002.jpg","https://static.jhddsz.com/approval/digital/2026/01/18/6882bd56-de2b-4610-8652-2d3ee3916661.jpg"
"59","0059_451160151571439163801630_img_001.jpg","451160151571439163801630","拆封照片","img_001","C:\Users\HUAWEI\Desktop\audit_robot\data\guobu_api_all_current_page2_20260708_230334\images\451160151571439163801630\img_001.jpg","https://static.jhddsz.com/approval/digital/2026/01/18/5393102a-bb7c-4bf9-b554-21fa98d299d4.jpg"
"61","0061_451160151608727329177639_img_001.jpg","451160151608727329177639","拆封照片","img_001","C:\Users\HUAWEI\Desktop\audit_robot\data\guobu_api_all_current_page2_20260708_230334\images\451160151608727329177639\img_001.jpg","https://static.jhddsz.com/approval/digital/2026/01/18/b0d0007a-ddd0-4547-8a90-94d8acaf6b81.jpg"
"62","0062_451160151608727329177639_img_002.jpg","451160151608727329177639","SN码采集 / 激活照片","img_002","C:\Users\HUAWEI\Desktop\audit_robot\data\guobu_api_all_current_page2_20260708_230334\images\451160151608727329177639\img_002.jpg","https://static.jhddsz.com/approval/digital/2026/01/18/913c0623-dfd1-4f01-81ee-dc3a78594c79.jpg"
"63","0063_451160151922456304025640_img_001.jpg","451160151922456304025640","拆封照片","img_001","C:\Users\HUAWEI\Desktop\audit_robot\data\guobu_api_all_current_page2_20260708_230334\images\451160151922456304025640\img_001.jpg","https://static.jhddsz.com/approval/digital/2026/01/18/1e02f757-e06e-4a58-9c04-bffa230fdf4b.jpg"
"64","0064_451160151922456304025640_img_002.jpg","451160151922456304025640","SN码采集 / 激活照片","img_002","C:\Users\HUAWEI\Desktop\audit_robot\data\guobu_api_all_current_page2_20260708_230334\images\451160151922456304025640\img_002.jpg","https://static.jhddsz.com/approval/digital/2026/01/18/d91dcf54-e705-4326-b670-9180ca8f43c0.jpg"
"65","0065_451160152666176015564852_img_001.jpg","451160152666176015564852","拆封照片","img_001","C:\Users\HUAWEI\Desktop\audit_robot\data\guobu_api_all_current_page2_20260708_230334\images\451160152666176015564852\img_001.jpg","https://static.jhddsz.com/approval/digital/2026/01/18/cff34225-6f1c-4c76-984d-4eb707f6ef29.jpg"
"66","0066_451160152666176015564852_img_002.jpg","451160152666176015564852","SN码采集 / 激活照片","img_002","C:\Users\HUAWEI\Desktop\audit_robot\data\guobu_api_all_current_page2_20260708_230334\images\451160152666176015564852\img_002.jpg","https://static.jhddsz.com/approval/digital/2026/01/18/07ac9b82-8150-400c-b47f-ef8a1e46d549.jpg"
"67","0067_451160153601230641561613_img_001.jpg","451160153601230641561613","拆封照片","img_001","C:\Users\HUAWEI\Desktop\audit_robot\data\guobu_api_all_current_page2_20260708_230334\images\451160153601230641561613\img_001.jpg","https://static.jhddsz.com/approval/digital/2026/01/18/26281d6a-cc18-4fa1-8369-ade136f06337.jpg"
"68","0068_451160153601230641561613_img_002.jpg","451160153601230641561613","SN码采集 / 激活照片","img_002","C:\Users\HUAWEI\Desktop\audit_robot\data\guobu_api_all_current_page2_20260708_230334\images\451160153601230641561613\img_002.jpg","https://static.jhddsz.com/approval/digital/2026/01/18/c81886d3-dc67-49be-be74-b71f20067db9.jpg"
"69","0069_451160154686119211827233_img_001.jpg","451160154686119211827233","拆封照片","img_001","C:\Users\HUAWEI\Desktop\audit_robot\data\guobu_api_all_current_page2_20260708_230334\images\451160154686119211827233\img_001.jpg","https://static.jhddsz.com/approval/digital/2026/01/18/f41168c3-1bb9-4232-ab38-cdfc0c003289.jpg"
"70","0070_451160154686119211827233_img_002.jpg","451160154686119211827233","SN码采集 / 激活照片","img_002","C:\Users\HUAWEI\Desktop\audit_robot\data\guobu_api_all_current_page2_20260708_230334\images\451160154686119211827233\img_002.jpg","https://static.jhddsz.com/approval/digital/2026/01/18/cbdfdaf5-98b1-412d-b505-af6083339354.jpg"
"71","0071_451160154868978365235267_img_001.jpg","451160154868978365235267","拆封照片","img_001","C:\Users\HUAWEI\Desktop\audit_robot\data\guobu_api_all_current_page2_20260708_230334\images\451160154868978365235267\img_001.jpg","https://static.jhddsz.com/approval/digital/2026/01/18/562750e0-b172-4e45-8ce0-989d96a00450.jpg"
"72","0072_451160154868978365235267_img_002.jpg","451160154868978365235267","SN码采集 / 激活照片","img_002","C:\Users\HUAWEI\Desktop\audit_robot\data\guobu_api_all_current_page2_20260708_230334\images\451160154868978365235267\img_002.jpg","https://static.jhddsz.com/approval/digital/2026/01/18/f6a850a0-10f1-4caf-846b-65b028106600.jpg"
"73","0073_451160155266980826316817_img_001.jpg","451160155266980826316817","拆封照片","img_001","C:\Users\HUAWEI\Desktop\audit_robot\data\guobu_api_all_current_page2_20260708_230334\images\451160155266980826316817\img_001.jpg","https://static.jhddsz.com/approval/digital/2026/01/18/b8311cd0-1f4b-4fb0-b048-7276e04f4edf.jpg"
"74","0074_451160155266980826316817_img_002.jpg","451160155266980826316817","SN码采集 / 激活照片","img_002","C:\Users\HUAWEI\Desktop\audit_robot\data\guobu_api_all_current_page2_20260708_230334\images\451160155266980826316817\img_002.jpg","https://static.jhddsz.com/approval/digital/2026/01/18/d2cfe512-b37f-498b-81df-74eb64da4449.jpg"
"75","0075_451160155702446912307287_img_001.jpg","451160155702446912307287","拆封照片","img_001","C:\Users\HUAWEI\Desktop\audit_robot\data\guobu_api_all_current_page2_20260708_230334\images\451160155702446912307287\img_001.jpg","https://static.jhddsz.com/approval/digital/2026/01/18/59e81d96-fbbc-4ae0-bc62-cd5b46fa16a6.jpg"
"76","0076_451160155702446912307287_img_002.jpg","451160155702446912307287","SN码采集 / 激活照片","img_002","C:\Users\HUAWEI\Desktop\audit_robot\data\guobu_api_all_current_page2_20260708_230334\images\451160155702446912307287\img_002.jpg","https://static.jhddsz.com/approval/digital/2026/01/18/290cac19-7599-41e3-abeb-6c0d5344f415.jpg"
"77","0077_451160156223511144038433_img_001.jpg","451160156223511144038433","拆封照片","img_001","C:\Users\HUAWEI\Desktop\audit_robot\data\guobu_api_all_current_page2_20260708_230334\images\451160156223511144038433\img_001.jpg","https://static.jhddsz.com/approval/digital/2026/01/18/221c2145-9efc-418a-ae3b-01f21e434891.jpg"
"78","0078_451160156223511144038433_img_002.jpg","451160156223511144038433","SN码采集 / 激活照片","img_002","C:\Users\HUAWEI\Desktop\audit_robot\data\guobu_api_all_current_page2_20260708_230334\images\451160156223511144038433\img_002.jpg","https://static.jhddsz.com/approval/digital/2026/01/18/f7dba7f6-4295-42c0-9682-7c9229229c21.jpg"
"79","0079_451160156258763499110414_img_001.jpg","451160156258763499110414","拆封照片","img_001","C:\Users\HUAWEI\Desktop\audit_robot\data\guobu_api_all_current_page2_20260708_230334\images\451160156258763499110414\img_001.jpg","https://static.jhddsz.com/approval/digital/2026/01/18/0bc193be-bdef-4272-955f-93f06953551e.jpg"
"80","0080_451160156258763499110414_img_002.jpg","451160156258763499110414","SN码采集 / 激活照片","img_002","C:\Users\HUAWEI\Desktop\audit_robot\data\guobu_api_all_current_page2_20260708_230334\images\451160156258763499110414\img_002.jpg","https://static.jhddsz.com/approval/digital/2026/01/19/2f4e6a36-10fc-4b53-911c-86616d9cc808.jpg"
"81","0081_451160156317929124659299_img_001.jpg","451160156317929124659299","拆封照片","img_001","C:\Users\HUAWEI\Desktop\audit_robot\data\guobu_api_all_current_page2_20260708_230334\images\451160156317929124659299\img_001.jpg","https://static.jhddsz.com/approval/digital/2026/01/18/b9293024-ec26-4a06-9b13-f4a7bb7cf734.jpg"
"82","0082_451160156317929124659299_img_002.jpg","451160156317929124659299","SN码采集 / 激活照片","img_002","C:\Users\HUAWEI\Desktop\audit_robot\data\guobu_api_all_current_page2_20260708_230334\images\451160156317929124659299\img_002.jpg","https://static.jhddsz.com/approval/digital/2026/01/18/10ac7576-e2c4-44dd-a29a-af58a44df97e.jpg"
"83","0083_451160157266424053760001_img_001.jpg","451160157266424053760001","拆封照片","img_001","C:\Users\HUAWEI\Desktop\audit_robot\data\guobu_api_all_current_page2_20260708_230334\images\451160157266424053760001\img_001.jpg","https://static.jhddsz.com/approval/digital/2026/01/18/af3a3707-b44b-4c8b-8060-ec638734677f.jpg"
"84","0084_451160157266424053760001_img_002.jpg","451160157266424053760001","SN码采集 / 激活照片","img_002","C:\Users\HUAWEI\Desktop\audit_robot\data\guobu_api_all_current_page2_20260708_230334\images\451160157266424053760001\img_002.jpg","https://static.jhddsz.com/approval/digital/2026/01/18/cf24ae9f-018c-4ef0-a0c1-78b5a7f3d9f1.jpg"
"85","0085_451160157706322680217626_img_001.jpg","451160157706322680217626","拆封照片","img_001","C:\Users\HUAWEI\Desktop\audit_robot\data\guobu_api_all_current_page2_20260708_230334\images\451160157706322680217626\img_001.jpg","https://static.jhddsz.com/approval/digital/2026/01/18/dc006eba-4b68-4928-ac32-e0dea3b0afe3.jpg"
"86","0086_451160157706322680217626_img_002.jpg","451160157706322680217626","SN码采集 / 激活照片","img_002","C:\Users\HUAWEI\Desktop\audit_robot\data\guobu_api_all_current_page2_20260708_230334\images\451160157706322680217626\img_002.jpg","https://static.jhddsz.com/approval/digital/2026/01/18/e5a58712-42d5-4955-a975-a99765b988b7.jpg"
"87","0087_451160157937511831961688_img_001.jpg","451160157937511831961688","拆封照片","img_001","C:\Users\HUAWEI\Desktop\audit_robot\data\guobu_api_all_current_page2_20260708_230334\images\451160157937511831961688\img_001.jpg","https://static.jhddsz.com/approval/digital/2026/01/18/8b169c22-9f55-45c6-9f4c-86787f61a8dc.jpg"
"88","0088_451160157937511831961688_img_002.jpg","451160157937511831961688","SN码采集 / 激活照片","img_002","C:\Users\HUAWEI\Desktop\audit_robot\data\guobu_api_all_current_page2_20260708_230334\images\451160157937511831961688\img_002.jpg","https://static.jhddsz.com/approval/digital/2026/01/18/8ae17b64-7d5e-4679-98fc-a54646f0e978.jpg"
"89","0089_451160158073275603353625_img_001.jpg","451160158073275603353625","拆封照片","img_001","C:\Users\HUAWEI\Desktop\audit_robot\data\guobu_api_all_current_page2_20260708_230334\images\451160158073275603353625\img_001.jpg","https://static.jhddsz.com/approval/digital/2026/01/18/b3ed384a-7278-4e95-8b1b-996aa2fe9455.jpg"
"90","0090_451160158073275603353625_img_002.jpg","451160158073275603353625","SN码采集 / 激活照片","img_002","C:\Users\HUAWEI\Desktop\audit_robot\data\guobu_api_all_current_page2_20260708_230334\images\451160158073275603353625\img_002.jpg","https://static.jhddsz.com/approval/digital/2026/01/18/e4943e0b-2585-419c-9860-c8e88583b2d9.jpg"
"92","0092_451160158492204361318438_img_002.jpg","451160158492204361318438","SN码采集 / 激活照片","img_002","C:\Users\HUAWEI\Desktop\audit_robot\data\guobu_api_all_current_page2_20260708_230334\images\451160158492204361318438\img_002.jpg","https://static.jhddsz.com/approval/digital/2026/01/18/0cb84ffc-d1a9-42c1-9c1b-bada1e76bfed.jpg"
"93","0093_461160135107867354726419_img_001.jpg","461160135107867354726419","拆封照片","img_001","C:\Users\HUAWEI\Desktop\audit_robot\data\guobu_api_all_20260708_203001\images\461160135107867354726419\img_001.jpg","https://static.jhddsz.com/approval/digital/2026/01/18/dfa3dae8-c43b-4548-bb17-bc148c50e796.jpg"
"94","0094_461160135107867354726419_img_002.jpg","461160135107867354726419","SN码采集 / 激活照片","img_002","C:\Users\HUAWEI\Desktop\audit_robot\data\guobu_api_all_20260708_203001\images\461160135107867354726419\img_002.jpg","https://static.jhddsz.com/approval/digital/2026/01/18/78672e7b-2e4f-49d8-9b82-38effe216731.jpg"
"95","0095_461160138575402473881660_img_001.jpg","461160138575402473881660","拆封照片","img_001","C:\Users\HUAWEI\Desktop\audit_robot\data\guobu_api_all_20260708_203001\images\461160138575402473881660\img_001.jpg","https://static.jhddsz.com/approval/digital/2026/01/18/448da25f-e511-4337-b5a2-b9925e841889.jpg"
"96","0096_461160138575402473881660_img_002.jpg","461160138575402473881660","SN码采集 / 激活照片","img_002","C:\Users\HUAWEI\Desktop\audit_robot\data\guobu_api_all_20260708_203001\images\461160138575402473881660\img_002.jpg","https://static.jhddsz.com/approval/digital/2026/01/18/5ec29e29-64b1-4f08-bf27-0c174a6080c5.jpg"
"97","0097_461160139170401409433693_img_001.jpg","461160139170401409433693","拆封照片","img_001","C:\Users\HUAWEI\Desktop\audit_robot\data\guobu_api_all_20260708_203001\images\461160139170401409433693\img_001.jpg","https://static.jhddsz.com/approval/digital/2026/01/18/33379452-519f-4556-80fa-292f66da311c.jpg"
"98","0098_461160139170401409433693_img_002.jpg","461160139170401409433693","SN码采集 / 激活照片","img_002","C:\Users\HUAWEI\Desktop\audit_robot\data\guobu_api_all_20260708_203001\images\461160139170401409433693\img_002.jpg","https://static.jhddsz.com/approval/digital/2026/01/18/ba246b73-c1f1-4987-a33d-2115ebcd4247.jpg"
"99","0099_461160142867733243494461_img_001.jpg","461160142867733243494461","拆封照片","img_001","C:\Users\HUAWEI\Desktop\audit_robot\data\guobu_api_all_20260708_203001\images\461160142867733243494461\img_001.jpg","https://static.jhddsz.com/approval/digital/2026/01/18/8a27e29d-9435-4b56-866c-e221720182f7.jpg"
"100","0100_461160142867733243494461_img_002.jpg","461160142867733243494461","SN码采集 / 激活照片","img_002","C:\Users\HUAWEI\Desktop\audit_robot\data\guobu_api_all_20260708_203001\images\461160142867733243494461\img_002.jpg","https://static.jhddsz.com/approval/digital/2026/01/18/b3763d7f-0227-4b79-9a9a-1384c360902f.jpg"
"101","0101_461160143980889764659205_img_001.jpg","461160143980889764659205","拆封照片","img_001","C:\Users\HUAWEI\Desktop\audit_robot\data\guobu_api_all_20260708_203001\images\461160143980889764659205\img_001.jpg","https://static.jhddsz.com/approval/digital/2026/01/18/c640a947-42a5-4013-b129-43a2d5508aca.jpg"
"102","0102_461160143980889764659205_img_002.jpg","461160143980889764659205","SN码采集 / 激活照片","img_002","C:\Users\HUAWEI\Desktop\audit_robot\data\guobu_api_all_20260708_203001\images\461160143980889764659205\img_002.jpg","https://static.jhddsz.com/approval/digital/2026/01/18/ff9702c6-8ada-44f3-bada-12aff994507e.jpg"
"103","0103_461160144109399890329699_img_001.jpg","461160144109399890329699","拆封照片","img_001","C:\Users\HUAWEI\Desktop\audit_robot\data\guobu_api_all_20260708_203001\images\461160144109399890329699\img_001.jpg","https://static.jhddsz.com/approval/digital/2026/01/18/773587dd-841a-4c70-87a4-cde9a2d37fb5.jpg"
"104","0104_461160144109399890329699_img_002.jpg","461160144109399890329699","SN码采集 / 激活照片","img_002","C:\Users\HUAWEI\Desktop\audit_robot\data\guobu_api_all_20260708_203001\images\461160144109399890329699\img_002.jpg","https://static.jhddsz.com/approval/digital/2026/01/18/462820bf-25ad-470d-bf86-b5d804032d5e.jpg"
"105","0105_461160144143688318976055_img_001.jpg","461160144143688318976055","拆封照片","img_001","C:\Users\HUAWEI\Desktop\audit_robot\data\guobu_api_all_20260708_203001\images\461160144143688318976055\img_001.jpg","https://static.jhddsz.com/approval/digital/2026/01/18/6bdd03c7-4ac5-45b6-9352-28804d21b956.jpg"
"106","0106_461160144143688318976055_img_002.jpg","461160144143688318976055","SN码采集 / 激活照片","img_002","C:\Users\HUAWEI\Desktop\audit_robot\data\guobu_api_all_20260708_203001\images\461160144143688318976055\img_002.jpg","https://static.jhddsz.com/approval/digital/2026/01/18/6df1cc66-b777-42b6-b259-b12648842525.jpg"
"107","0107_461160144327059924582455_img_001.jpg","461160144327059924582455","拆封照片","img_001","C:\Users\HUAWEI\Desktop\audit_robot\data\guobu_api_all_20260708_203001\images\461160144327059924582455\img_001.jpg","https://static.jhddsz.com/approval/digital/2026/01/18/676a5c49-3efd-4032-ace5-d0c9d41da779.jpg"
"108","0108_461160144327059924582455_img_002.jpg","461160144327059924582455","SN码采集 / 激活照片","img_002","C:\Users\HUAWEI\Desktop\audit_robot\data\guobu_api_all_20260708_203001\images\461160144327059924582455\img_002.jpg","https://static.jhddsz.com/approval/digital/2026/01/18/9b5be4e1-9ae8-4c2b-bb97-4948464a7097.jpg"
"109","0109_461160144419388316057680_img_001.jpg","461160144419388316057680","拆封照片","img_001","C:\Users\HUAWEI\Desktop\audit_robot\data\guobu_api_all_20260708_203001\images\461160144419388316057680\img_001.jpg","https://static.jhddsz.com/approval/digital/2026/01/18/6e7c79b9-c0d9-414d-9724-7d9b411251c0.jpg"
"110","0110_461160144419388316057680_img_002.jpg","461160144419388316057680","SN码采集 / 激活照片","img_002","C:\Users\HUAWEI\Desktop\audit_robot\data\guobu_api_all_20260708_203001\images\461160144419388316057680\img_002.jpg","https://static.jhddsz.com/approval/digital/2026/01/18/439d7fc2-06f0-4593-9ba9-6947dbbbfc56.jpg"
"111","0111_461160144450811196211232_img_001.jpg","461160144450811196211232","拆封照片","img_001","C:\Users\HUAWEI\Desktop\audit_robot\data\guobu_api_all_20260708_203001\images\461160144450811196211232\img_001.jpg","https://static.jhddsz.com/approval/digital/2026/01/18/78ef3933-1f6e-4948-bf16-96e2078f32ea.jpg"
"112","0112_461160144450811196211232_img_002.jpg","461160144450811196211232","SN码采集 / 激活照片","img_002","C:\Users\HUAWEI\Desktop\audit_robot\data\guobu_api_all_20260708_203001\images\461160144450811196211232\img_002.jpg","https://static.jhddsz.com/approval/digital/2026/01/18/d33bc7a7-7c77-444b-898d-dc164c899b92.jpg"
"113","0113_461160145742813701734447_img_001.jpg","461160145742813701734447","拆封照片","img_001","C:\Users\HUAWEI\Desktop\audit_robot\data\guobu_api_all_20260708_203001\images\461160145742813701734447\img_001.jpg","https://static.jhddsz.com/approval/digital/2026/01/18/32e387ed-e620-4621-984a-ec73fc667a53.jpg"
"114","0114_461160145742813701734447_img_002.jpg","461160145742813701734447","SN码采集 / 激活照片","img_002","C:\Users\HUAWEI\Desktop\audit_robot\data\guobu_api_all_20260708_203001\images\461160145742813701734447\img_002.jpg","https://static.jhddsz.com/approval/digital/2026/01/18/aeaf5fa2-3354-467a-a58e-d693ec769934.jpg"
"115","0115_461160145869033721036800_img_001.jpg","461160145869033721036800","拆封照片","img_001","C:\Users\HUAWEI\Desktop\audit_robot\data\guobu_api_all_20260708_203001\images\461160145869033721036800\img_001.jpg","https://static.jhddsz.com/approval/digital/2026/01/18/afb2aa0b-c679-4fb3-89d1-bf66a4d611f1.jpg"
"116","0116_461160145869033721036800_img_002.jpg","461160145869033721036800","SN码采集 / 激活照片","img_002","C:\Users\HUAWEI\Desktop\audit_robot\data\guobu_api_all_20260708_203001\images\461160145869033721036800\img_002.jpg","https://static.jhddsz.com/approval/digital/2026/01/18/40e4b201-6587-492f-a991-5cbeb6b1b0c7.jpg"
"117","0117_461160145950895639756838_img_001.jpg","461160145950895639756838","拆封照片","img_001","C:\Users\HUAWEI\Desktop\audit_robot\data\guobu_api_all_20260708_203001\images\461160145950895639756838\img_001.jpg","https://static.jhddsz.com/approval/digital/2026/01/18/25e7922f-158d-4ec6-b031-3a5ffe72fc23.jpg"
"118","0118_461160145950895639756838_img_002.jpg","461160145950895639756838","SN码采集 / 激活照片","img_002","C:\Users\HUAWEI\Desktop\audit_robot\data\guobu_api_all_20260708_203001\images\461160145950895639756838\img_002.jpg","https://static.jhddsz.com/approval/digital/2026/01/18/a4d17822-48fa-4d61-8a1d-8114c73ca41c.jpg"
"119","0119_461160146180237649510421_img_001.jpg","461160146180237649510421","拆封照片","img_001","C:\Users\HUAWEI\Desktop\audit_robot\data\guobu_api_all_20260708_203001\images\461160146180237649510421\img_001.jpg","https://static.jhddsz.com/approval/digital/2026/01/18/00eeb037-0b44-422e-a889-822f62b69f9c.jpg"
"120","0120_461160146180237649510421_img_002.jpg","461160146180237649510421","SN码采集 / 激活照片","img_002","C:\Users\HUAWEI\Desktop\audit_robot\data\guobu_api_all_20260708_203001\images\461160146180237649510421\img_002.jpg","https://static.jhddsz.com/approval/digital/2026/01/18/736f1783-b40a-4d3c-96e1-36a6bd2d8e33.jpg"
"121","0121_461160146336102190284858_img_001.jpg","461160146336102190284858","拆封照片","img_001","C:\Users\HUAWEI\Desktop\audit_robot\data\guobu_api_all_20260708_203001\images\461160146336102190284858\img_001.jpg","https://static.jhddsz.com/approval/digital/2026/01/18/4b56fd7d-9899-4e81-aceb-bdc44201b58b.jpg"
"122","0122_461160146336102190284858_img_002.jpg","461160146336102190284858","SN码采集 / 激活照片","img_002","C:\Users\HUAWEI\Desktop\audit_robot\data\guobu_api_all_20260708_203001\images\461160146336102190284858\img_002.jpg","https://static.jhddsz.com/approval/digital/2026/01/18/5f1e1b67-0bcd-45ba-b866-63a4d2149174.jpg"
"123","0123_461160146594160934912090_img_001.jpg","461160146594160934912090","拆封照片","img_001","C:\Users\HUAWEI\Desktop\audit_robot\data\guobu_api_all_20260708_203001\images\461160146594160934912090\img_001.jpg","https://static.jhddsz.com/approval/digital/2026/01/18/798d5c02-a768-4c6f-9c31-090c4f1d76f7.jpg"
"124","0124_461160146594160934912090_img_002.jpg","461160146594160934912090","SN码采集 / 激活照片","img_002","C:\Users\HUAWEI\Desktop\audit_robot\data\guobu_api_all_20260708_203001\images\461160146594160934912090\img_002.jpg","https://static.jhddsz.com/approval/digital/2026/01/18/9eeb20e2-03bf-47b7-a4d2-412375de99e3.jpg"
"125","0125_461160146863562761830474_img_001.jpg","461160146863562761830474","拆封照片","img_001","C:\Users\HUAWEI\Desktop\audit_robot\data\guobu_api_all_20260708_203001\images\461160146863562761830474\img_001.jpg","https://static.jhddsz.com/approval/digital/2026/01/18/3d00923e-475c-4edd-a9d0-ed415d9d929a.jpg"
"126","0126_461160146863562761830474_img_002.jpg","461160146863562761830474","SN码采集 / 激活照片","img_002","C:\Users\HUAWEI\Desktop\audit_robot\data\guobu_api_all_20260708_203001\images\461160146863562761830474\img_002.jpg","https://static.jhddsz.com/approval/digital/2026/01/18/3af4c476-f6ac-4162-b82f-08950f67ce10.jpg"
"127","0127_461160147064307200819296_img_001.jpg","461160147064307200819296","拆封照片","img_001","C:\Users\HUAWEI\Desktop\audit_robot\data\guobu_api_all_20260708_203001\images\461160147064307200819296\img_001.jpg","https://static.jhddsz.com/approval/digital/2026/01/18/b99cc112-106e-480d-b3d3-bfd2a51a626c.jpg"
"128","0128_461160147064307200819296_img_002.jpg","461160147064307200819296","SN码采集 / 激活照片","img_002","C:\Users\HUAWEI\Desktop\audit_robot\data\guobu_api_all_20260708_203001\images\461160147064307200819296\img_002.jpg","https://static.jhddsz.com/approval/digital/2026/01/18/534c551a-9ad6-414e-907a-e0bd92525cc1.jpg"
"129","0129_461160147459799842816042_img_001.jpg","461160147459799842816042","拆封照片","img_001","C:\Users\HUAWEI\Desktop\audit_robot\data\guobu_api_all_20260708_203001\images\461160147459799842816042\img_001.jpg","https://static.jhddsz.com/approval/digital/2026/01/18/0b068c4f-417f-4ea7-bff2-3b131e8cc110.jpg"
"130","0130_461160147459799842816042_img_002.jpg","461160147459799842816042","SN码采集 / 激活照片","img_002","C:\Users\HUAWEI\Desktop\audit_robot\data\guobu_api_all_20260708_203001\images\461160147459799842816042\img_002.jpg","https://static.jhddsz.com/approval/digital/2026/01/23/d3ebfe4f-a877-49f3-9ecd-9d12b7d363a0.jpg"
"131","0131_461160147461725893427224_img_001.jpg","461160147461725893427224","拆封照片","img_001","C:\Users\HUAWEI\Desktop\audit_robot\data\guobu_api_all_20260708_203001\images\461160147461725893427224\img_001.jpg","https://static.jhddsz.com/approval/digital/2026/01/18/1b1a631b-29ee-45e0-86e8-cdc3bf8f8962.jpg"
"132","0132_461160147461725893427224_img_002.jpg","461160147461725893427224","SN码采集 / 激活照片","img_002","C:\Users\HUAWEI\Desktop\audit_robot\data\guobu_api_all_20260708_203001\images\461160147461725893427224\img_002.jpg","https://static.jhddsz.com/approval/digital/2026/01/18/893d9bc9-5bab-468d-b55a-fc3ee631bfc6.jpg"
"133","0133_461160147483132749414484_img_001.jpg","461160147483132749414484","拆封照片","img_001","C:\Users\HUAWEI\Desktop\audit_robot\data\guobu_api_all_20260708_203001\images\461160147483132749414484\img_001.jpg","https://static.jhddsz.com/approval/digital/2026/01/18/1c9d6a2b-6de1-4901-aeff-e138248aed42.jpg"
"134","0134_461160147483132749414484_img_002.jpg","461160147483132749414484","SN码采集 / 激活照片","img_002","C:\Users\HUAWEI\Desktop\audit_robot\data\guobu_api_all_20260708_203001\images\461160147483132749414484\img_002.jpg","https://static.jhddsz.com/approval/digital/2026/01/18/928c3f6d-b894-4cc4-8eb3-31e9dbd5bd88.jpg"
"135","0135_461160147533201866752006_img_001.jpg","461160147533201866752006","拆封照片","img_001","C:\Users\HUAWEI\Desktop\audit_robot\data\guobu_api_all_20260708_203001\images\461160147533201866752006\img_001.jpg","https://static.jhddsz.com/approval/digital/2026/01/18/9c4e237e-3403-4961-a31d-8350a00be5b2.jpg"
"136","0136_461160147533201866752006_img_002.jpg","461160147533201866752006","SN码采集 / 激活照片","img_002","C:\Users\HUAWEI\Desktop\audit_robot\data\guobu_api_all_20260708_203001\images\461160147533201866752006\img_002.jpg","https://static.jhddsz.com/approval/digital/2026/01/18/3d347002-0a2f-4b79-84f1-eb4c4b6e0141.jpg"
"137","0137_461160148033725759488064_img_001.jpg","461160148033725759488064","拆封照片","img_001","C:\Users\HUAWEI\Desktop\audit_robot\data\guobu_api_all_20260708_203001\images\461160148033725759488064\img_001.jpg","https://static.jhddsz.com/approval/digital/2026/01/18/5a0a028b-7a1e-4b29-8bdb-ae39437c9f97.jpg"
"138","0138_461160148033725759488064_img_002.jpg","461160148033725759488064","SN码采集 / 激活照片","img_002","C:\Users\HUAWEI\Desktop\audit_robot\data\guobu_api_all_20260708_203001\images\461160148033725759488064\img_002.jpg","https://static.jhddsz.com/approval/digital/2026/01/18/7be533bc-2dbf-4f38-b937-d89c2c974fe6.jpg"
"139","0139_461160148197830406963237_img_001.jpg","461160148197830406963237","拆封照片","img_001","C:\Users\HUAWEI\Desktop\audit_robot\data\guobu_api_all_20260708_203001\images\461160148197830406963237\img_001.jpg","https://static.jhddsz.com/approval/digital/2026/01/18/560a31e7-eb58-4cc5-a1e4-52a237a5b7d6.jpg"
"140","0140_461160148197830406963237_img_002.jpg","461160148197830406963237","SN码采集 / 激活照片","img_002","C:\Users\HUAWEI\Desktop\audit_robot\data\guobu_api_all_20260708_203001\images\461160148197830406963237\img_002.jpg","https://static.jhddsz.com/approval/digital/2026/01/18/dc5a55a4-aec9-441b-aaee-064eb82ea2f5.jpg"
"141","0141_461160148295359741952052_img_001.jpg","461160148295359741952052","拆封照片","img_001","C:\Users\HUAWEI\Desktop\audit_robot\data\guobu_api_all_20260708_203001\images\461160148295359741952052\img_001.jpg","https://static.jhddsz.com/approval/digital/2026/01/18/8defc7b7-951a-4c79-b93d-65c578a6ad1c.jpg"
"142","0142_461160148295359741952052_img_002.jpg","461160148295359741952052","SN码采集 / 激活照片","img_002","C:\Users\HUAWEI\Desktop\audit_robot\data\guobu_api_all_20260708_203001\images\461160148295359741952052\img_002.jpg","https://static.jhddsz.com/approval/digital/2026/01/18/ed25a95a-a81f-44b3-a1d6-3682d141e4a6.jpg"
"143","0143_461160148893517810892824_img_001.jpg","461160148893517810892824","拆封照片","img_001","C:\Users\HUAWEI\Desktop\audit_robot\data\guobu_api_all_20260708_203001\images\461160148893517810892824\img_001.jpg","https://static.jhddsz.com/approval/digital/2026/01/18/c91c15d3-cffd-42fd-b136-828c0972489f.jpg"
"144","0144_461160148893517810892824_img_002.jpg","461160148893517810892824","SN码采集 / 激活照片","img_002","C:\Users\HUAWEI\Desktop\audit_robot\data\guobu_api_all_20260708_203001\images\461160148893517810892824\img_002.jpg","https://static.jhddsz.com/approval/digital/2026/01/18/65f6e7c1-62a1-4520-a9bf-da5853609cea.jpg"
"145","0145_461160149210879836160029_img_001.jpg","461160149210879836160029","拆封照片","img_001","C:\Users\HUAWEI\Desktop\audit_robot\data\guobu_api_all_20260708_203001\images\461160149210879836160029\img_001.jpg","https://static.jhddsz.com/approval/digital/2026/01/18/59ee64a6-4b4b-44c2-a7bd-27260dff0dd8.jpg"
"146","0146_461160149210879836160029_img_002.jpg","461160149210879836160029","SN码采集 / 激活照片","img_002","C:\Users\HUAWEI\Desktop\audit_robot\data\guobu_api_all_20260708_203001\images\461160149210879836160029\img_002.jpg","https://static.jhddsz.com/approval/digital/2026/01/18/1849e41c-0e5e-4c2c-b5f2-29ac315af441.jpg"
"147","0147_461160149210879836160029_img_003.jpg","461160149210879836160029","SN码采集 / 激活照片","img_003","C:\Users\HUAWEI\Desktop\audit_robot\data\guobu_api_all_20260708_203001\images\461160149210879836160029\img_003.jpg","https://static.jhddsz.com/approval/phoneSubsidy/2026/03/31/ae3e6353-b9a2-4569-a4ed-a65f853c674c.jpg"
"148","0148_461160149655184985292822_img_001.jpg","461160149655184985292822","拆封照片","img_001","C:\Users\HUAWEI\Desktop\audit_robot\data\guobu_api_all_current_page2_20260708_230334\images\461160149655184985292822\img_001.jpg","https://static.jhddsz.com/approval/digital/2026/01/18/7c1d6eb2-fe12-4c3f-abd7-f9147aa42145.jpg"
"149","0149_461160149655184985292822_img_002.jpg","461160149655184985292822","SN码采集 / 激活照片","img_002","C:\Users\HUAWEI\Desktop\audit_robot\data\guobu_api_all_current_page2_20260708_230334\images\461160149655184985292822\img_002.jpg","https://static.jhddsz.com/approval/digital/2026/01/18/4fe97557-3f2d-453d-a282-1eaf25602bff.jpg"
"150","0150_461160149655627877580852_img_001.jpg","461160149655627877580852","拆封照片","img_001","C:\Users\HUAWEI\Desktop\audit_robot\data\guobu_api_all_20260708_203001\images\461160149655627877580852\img_001.jpg","https://static.jhddsz.com/approval/digital/2026/01/18/5de6a7db-bafb-4761-a30b-e4aa30a32ddc.jpg"
"151","0151_461160149655627877580852_img_002.jpg","461160149655627877580852","SN码采集 / 激活照片","img_002","C:\Users\HUAWEI\Desktop\audit_robot\data\guobu_api_all_20260708_203001\images\461160149655627877580852\img_002.jpg","https://static.jhddsz.com/approval/digital/2026/01/18/fa14c6fc-2ee6-4dd1-a0a9-f67c95904d2d.jpg"
"152","0152_461160149661243211776062_img_001.jpg","461160149661243211776062","拆封照片","img_001","C:\Users\HUAWEI\Desktop\audit_robot\data\guobu_api_all_20260708_203001\images\461160149661243211776062\img_001.jpg","https://static.jhddsz.com/approval/digital/2026/01/18/d3460bd0-05e6-4521-bad5-2b72b3cafff4.jpg"
"153","0153_461160149661243211776062_img_002.jpg","461160149661243211776062","SN码采集 / 激活照片","img_002","C:\Users\HUAWEI\Desktop\audit_robot\data\guobu_api_all_20260708_203001\images\461160149661243211776062\img_002.jpg","https://static.jhddsz.com/approval/digital/2026/01/18/1489a523-8aac-4f48-9b84-e3d87fc8cb31.jpg"
"154","0154_461160150014646878208054_img_001.jpg","461160150014646878208054","拆封照片","img_001","C:\Users\HUAWEI\Desktop\audit_robot\data\guobu_api_all_20260708_203001\images\461160150014646878208054\img_001.jpg","https://static.jhddsz.com/approval/digital/2026/01/18/16011d95-e172-4fff-bc79-94cf56b93038.jpg"
"155","0155_461160150014646878208054_img_002.jpg","461160150014646878208054","SN码采集 / 激活照片","img_002","C:\Users\HUAWEI\Desktop\audit_robot\data\guobu_api_all_20260708_203001\images\461160150014646878208054\img_002.jpg","https://static.jhddsz.com/approval/digital/2026/01/18/2c8f7903-f4b0-4884-91a0-25e9aaad9cf6.jpg"
"156","0156_461160150210885795840021_img_001.jpg","461160150210885795840021","拆封照片","img_001","C:\Users\HUAWEI\Desktop\audit_robot\data\guobu_api_all_20260708_203001\images\461160150210885795840021\img_001.jpg","https://static.jhddsz.com/approval/digital/2026/01/18/50f27613-c187-4f46-ab99-3a1baee27f7b.jpg"
"157","0157_461160150210885795840021_img_002.jpg","461160150210885795840021","SN码采集 / 激活照片","img_002","C:\Users\HUAWEI\Desktop\audit_robot\data\guobu_api_all_20260708_203001\images\461160150210885795840021\img_002.jpg","https://static.jhddsz.com/approval/digital/2026/01/18/25f08791-1b0e-4919-adfb-f7ad9c81670a.jpg"
"158","0158_461160150483704292966430_img_001.jpg","461160150483704292966430","拆封照片","img_001","C:\Users\HUAWEI\Desktop\audit_robot\data\guobu_api_all_current_page2_20260708_230334\images\461160150483704292966430\img_001.jpg","https://static.jhddsz.com/approval/digital/2026/01/18/1dcd2c19-03da-4b46-920e-83bd9c367e17.jpg"
"159","0159_461160150483704292966430_img_002.jpg","461160150483704292966430","SN码采集 / 激活照片","img_002","C:\Users\HUAWEI\Desktop\audit_robot\data\guobu_api_all_current_page2_20260708_230334\images\461160150483704292966430\img_002.jpg","https://static.jhddsz.com/approval/digital/2026/01/18/9d2d5b3e-1152-45d0-9f70-3b6bdeeb730c.jpg"
"160","0160_461160150580752105472008_img_001.jpg","461160150580752105472008","拆封照片","img_001","C:\Users\HUAWEI\Desktop\audit_robot\data\guobu_api_all_current_page2_20260708_230334\images\461160150580752105472008\img_001.jpg","https://static.jhddsz.com/approval/digital/2026/01/18/59ae4283-58db-4ea4-8032-9ab18a9fd6f0.jpg"
"161","0161_461160150580752105472008_img_002.jpg","461160150580752105472008","SN码采集 / 激活照片","img_002","C:\Users\HUAWEI\Desktop\audit_robot\data\guobu_api_all_current_page2_20260708_230334\images\461160150580752105472008\img_002.jpg","https://static.jhddsz.com/approval/digital/2026/01/18/8d850b63-6ed8-4580-bd22-7527f2700f18.jpg"
"162","0162_461160151332566836838430_img_001.jpg","461160151332566836838430","拆封照片","img_001","C:\Users\HUAWEI\Desktop\audit_robot\data\guobu_api_all_current_page2_20260708_230334\images\461160151332566836838430\img_001.jpg","https://static.jhddsz.com/approval/digital/2026/01/18/a31529a3-73a9-40db-949c-0b459004519f.jpg"
"163","0163_461160151332566836838430_img_002.jpg","461160151332566836838430","SN码采集 / 激活照片","img_002","C:\Users\HUAWEI\Desktop\audit_robot\data\guobu_api_all_current_page2_20260708_230334\images\461160151332566836838430\img_002.jpg","https://static.jhddsz.com/approval/digital/2026/01/18/78efd70b-720b-42a1-b648-cd02266de45e.jpg"
"164","0164_461160151535054389248027_img_001.jpg","461160151535054389248027","拆封照片","img_001","C:\Users\HUAWEI\Desktop\audit_robot\data\guobu_api_all_current_page2_20260708_230334\images\461160151535054389248027\img_001.jpg","https://static.jhddsz.com/approval/digital/2026/01/18/4db3c789-cef5-4120-8909-4f13633750a9.jpg"
"165","0165_461160151535054389248027_img_002.jpg","461160151535054389248027","SN码采集 / 激活照片","img_002","C:\Users\HUAWEI\Desktop\audit_robot\data\guobu_api_all_current_page2_20260708_230334\images\461160151535054389248027\img_002.jpg","https://static.jhddsz.com/approval/digital/2026/01/18/05ce57e2-06dc-4676-9711-4a0d7fbb3aa9.jpg"
"166","0166_461160151778328248320009_img_001.png","461160151778328248320009","拆封照片","img_001","C:\Users\HUAWEI\Desktop\audit_robot\data\guobu_api_all_current_page2_20260708_230334\images\461160151778328248320009\img_001.png","https://static.jhddsz.com/approval/digital/2026/01/18/1d14f175-6dbc-4253-b86a-5df13b5fad8e.png"
"167","0167_461160151778328248320009_img_002.png","461160151778328248320009","SN码采集 / 激活照片","img_002","C:\Users\HUAWEI\Desktop\audit_robot\data\guobu_api_all_current_page2_20260708_230334\images\461160151778328248320009\img_002.png","https://static.jhddsz.com/approval/digital/2026/01/18/93114c32-589e-4788-ba3d-4be1482d67a9.png"
"168","0168_461160151977057714176096_img_001.jpg","461160151977057714176096","拆封照片","img_001","C:\Users\HUAWEI\Desktop\audit_robot\data\guobu_api_all_current_page2_20260708_230334\images\461160151977057714176096\img_001.jpg","https://static.jhddsz.com/approval/digital/2026/01/18/775bceb9-0f4b-41eb-83d5-78421219c12b.jpg"
"169","0169_461160151977057714176096_img_002.jpg","461160151977057714176096","SN码采集 / 激活照片","img_002","C:\Users\HUAWEI\Desktop\audit_robot\data\guobu_api_all_current_page2_20260708_230334\images\461160151977057714176096\img_002.jpg","https://static.jhddsz.com/approval/digital/2026/01/18/1210c91b-ac3e-40b9-a8b3-c41ec45eddad.jpg"
"170","0170_461160152607131110604830_img_001.jpg","461160152607131110604830","拆封照片","img_001","C:\Users\HUAWEI\Desktop\audit_robot\data\guobu_api_all_current_page2_20260708_230334\images\461160152607131110604830\img_001.jpg","https://static.jhddsz.com/approval/digital/2026/01/18/e091814a-4bba-464e-bd8a-8087ddce6044.jpg"
"171","0171_461160152607131110604830_img_002.jpg","461160152607131110604830","SN码采集 / 激活照片","img_002","C:\Users\HUAWEI\Desktop\audit_robot\data\guobu_api_all_current_page2_20260708_230334\images\461160152607131110604830\img_002.jpg","https://static.jhddsz.com/approval/digital/2026/01/18/e64d7c8f-7390-4551-8efa-e1aa8c6f40e3.jpg"
"172","0172_461160152638746093158410_img_001.png","461160152638746093158410","拆封照片","img_001","C:\Users\HUAWEI\Desktop\audit_robot\data\guobu_api_all_current_page2_20260708_230334\images\461160152638746093158410\img_001.png","https://static.jhddsz.com/approval/digital/2026/01/18/e1b67de4-64a3-4972-bd1e-e4f31af8ff5b.png"
"173","0173_461160152638746093158410_img_002.png","461160152638746093158410","SN码采集 / 激活照片","img_002","C:\Users\HUAWEI\Desktop\audit_robot\data\guobu_api_all_current_page2_20260708_230334\images\461160152638746093158410\img_002.png","https://static.jhddsz.com/approval/digital/2026/01/18/766e49f8-6a4f-452e-adea-dca7529d674b.png"
"174","0174_461160153698867317964805_img_001.jpg","461160153698867317964805","拆封照片","img_001","C:\Users\HUAWEI\Desktop\audit_robot\data\guobu_api_all_current_page2_20260708_230334\images\461160153698867317964805\img_001.jpg","https://static.jhddsz.com/approval/digital/2026/01/18/dcb892aa-aa34-4bd7-b875-fddc48331951.jpg"
"175","0175_461160153698867317964805_img_002.jpg","461160153698867317964805","SN码采集 / 激活照片","img_002","C:\Users\HUAWEI\Desktop\audit_robot\data\guobu_api_all_current_page2_20260708_230334\images\461160153698867317964805\img_002.jpg","https://static.jhddsz.com/approval/digital/2026/01/18/3b274e5a-f0f5-4ed3-8cfb-cfaef10f7c9a.jpg"
"176","0176_461160153971411514163216_img_001.jpg","461160153971411514163216","拆封照片","img_001","C:\Users\HUAWEI\Desktop\audit_robot\data\guobu_api_all_current_page2_20260708_230334\images\461160153971411514163216\img_001.jpg","https://static.jhddsz.com/approval/digital/2026/01/18/18f9124c-99c5-427d-b75f-6b141fef68c2.jpg"
"177","0177_461160153971411514163216_img_002.jpg","461160153971411514163216","SN码采集 / 激活照片","img_002","C:\Users\HUAWEI\Desktop\audit_robot\data\guobu_api_all_current_page2_20260708_230334\images\461160153971411514163216\img_002.jpg","https://static.jhddsz.com/approval/digital/2026/01/18/f1926e44-794d-4d34-a164-a08d00ab7547.jpg"
"178","0178_461160154184233032089685_img_001.jpg","461160154184233032089685","拆封照片","img_001","C:\Users\HUAWEI\Desktop\audit_robot\data\guobu_api_all_current_page2_20260708_230334\images\461160154184233032089685\img_001.jpg","https://static.jhddsz.com/approval/digital/2026/01/18/c829bbd3-7809-45fe-b8f3-79ec442bdaf6.jpg"
"179","0179_461160154184233032089685_img_002.jpg","461160154184233032089685","SN码采集 / 激活照片","img_002","C:\Users\HUAWEI\Desktop\audit_robot\data\guobu_api_all_current_page2_20260708_230334\images\461160154184233032089685\img_002.jpg","https://static.jhddsz.com/approval/digital/2026/01/18/fce93f98-e07b-4bc6-9d80-6fa8aec6c984.jpg"
"180","0180_461160154186122985472039_img_001.jpg","461160154186122985472039","拆封照片","img_001","C:\Users\HUAWEI\Desktop\audit_robot\data\guobu_api_all_current_page2_20260708_230334\images\461160154186122985472039\img_001.jpg","https://static.jhddsz.com/approval/digital/2026/01/18/29a47200-4f8f-4fa3-aad0-f8be15192264.jpg"
"181","0181_461160154186122985472039_img_002.jpg","461160154186122985472039","SN码采集 / 激活照片","img_002","C:\Users\HUAWEI\Desktop\audit_robot\data\guobu_api_all_current_page2_20260708_230334\images\461160154186122985472039\img_002.jpg","https://static.jhddsz.com/approval/digital/2026/01/18/a7582d81-5210-42e8-8d9e-66d5f359b975.jpg"
"182","0182_461160154736982727065662_img_001.jpg","461160154736982727065662","拆封照片","img_001","C:\Users\HUAWEI\Desktop\audit_robot\data\guobu_api_all_current_page2_20260708_230334\images\461160154736982727065662\img_001.jpg","https://static.jhddsz.com/approval/digital/2026/01/18/c1a1efa5-2270-4fb0-8eaa-fa5ddfd26854.jpg"
"183","0183_461160154736982727065662_img_002.jpg","461160154736982727065662","SN码采集 / 激活照片","img_002","C:\Users\HUAWEI\Desktop\audit_robot\data\guobu_api_all_current_page2_20260708_230334\images\461160154736982727065662\img_002.jpg","https://static.jhddsz.com/approval/digital/2026/01/18/0f70a1ff-f6bb-4060-90d1-d37e5b331d94.jpg"
"184","0184_461160155892992458752095_img_001.jpg","461160155892992458752095","拆封照片","img_001","C:\Users\HUAWEI\Desktop\audit_robot\data\guobu_api_all_current_page2_20260708_230334\images\461160155892992458752095\img_001.jpg","https://static.jhddsz.com/approval/digital/2026/01/18/928ce52a-b3b9-4bca-87f6-2dcfa72955f8.jpg"
"185","0185_461160155892992458752095_img_002.jpg","461160155892992458752095","SN码采集 / 激活照片","img_002","C:\Users\HUAWEI\Desktop\audit_robot\data\guobu_api_all_current_page2_20260708_230334\images\461160155892992458752095\img_002.jpg","https://static.jhddsz.com/approval/digital/2026/01/18/a3d17b71-9d92-4a03-8200-9668ce6b97e8.jpg"
"186","0186_461160156035399136051271_img_001.jpg","461160156035399136051271","拆封照片","img_001","C:\Users\HUAWEI\Desktop\audit_robot\data\guobu_api_all_current_page2_20260708_230334\images\461160156035399136051271\img_001.jpg","https://static.jhddsz.com/approval/digital/2026/01/18/9153df8c-4436-41fe-8484-a67e2682097f.jpg"
"187","0187_461160156035399136051271_img_002.jpg","461160156035399136051271","SN码采集 / 激活照片","img_002","C:\Users\HUAWEI\Desktop\audit_robot\data\guobu_api_all_current_page2_20260708_230334\images\461160156035399136051271\img_002.jpg","https://static.jhddsz.com/approval/digital/2026/01/18/12ed333b-5dc7-4a5b-b1ef-6470c2ba6398.jpg"
"188","0188_461160156246161244160063_img_001.jpg","461160156246161244160063","拆封照片","img_001","C:\Users\HUAWEI\Desktop\audit_robot\data\guobu_api_all_current_page2_20260708_230334\images\461160156246161244160063\img_001.jpg","https://static.jhddsz.com/approval/digital/2026/01/18/a496cb5e-1587-45f0-b9a0-2f1603de4cff.jpg"
"189","0189_461160156246161244160063_img_002.jpg","461160156246161244160063","SN码采集 / 激活照片","img_002","C:\Users\HUAWEI\Desktop\audit_robot\data\guobu_api_all_current_page2_20260708_230334\images\461160156246161244160063\img_002.jpg","https://static.jhddsz.com/approval/digital/2026/01/18/bcbb84f0-bcb8-4c70-b609-4c37f3b171d5.jpg"
"190","0190_461160156914635145216023_img_001.jpg","461160156914635145216023","拆封照片","img_001","C:\Users\HUAWEI\Desktop\audit_robot\data\guobu_api_all_current_page2_20260708_230334\images\461160156914635145216023\img_001.jpg","https://static.jhddsz.com/approval/digital/2026/01/18/4778285e-01dc-4030-8432-da49460096f6.jpg"
"191","0191_461160156914635145216023_img_002.jpg","461160156914635145216023","SN码采集 / 激活照片","img_002","C:\Users\HUAWEI\Desktop\audit_robot\data\guobu_api_all_current_page2_20260708_230334\images\461160156914635145216023\img_002.jpg","https://static.jhddsz.com/approval/digital/2026/01/18/6b3806c8-b5db-46b5-a466-556f736e03b9.jpg"
"192","0192_461160157039763013632036_img_001.jpg","461160157039763013632036","拆封照片","img_001","C:\Users\HUAWEI\Desktop\audit_robot\data\guobu_api_all_current_page2_20260708_230334\images\461160157039763013632036\img_001.jpg","https://static.jhddsz.com/approval/digital/2026/01/18/d1e4092a-f88c-4909-9509-019f2c885eff.jpg"
"193","0193_461160157039763013632036_img_002.jpg","461160157039763013632036","SN码采集 / 激活照片","img_002","C:\Users\HUAWEI\Desktop\audit_robot\data\guobu_api_all_current_page2_20260708_230334\images\461160157039763013632036\img_002.jpg","https://static.jhddsz.com/approval/digital/2026/01/18/ced4cde2-8fd2-4be6-b205-1bc0b2848b12.jpg"
"194","0194_461160157099066248396829_img_001.jpg","461160157099066248396829","拆封照片","img_001","C:\Users\HUAWEI\Desktop\audit_robot\data\guobu_api_all_current_page2_20260708_230334\images\461160157099066248396829\img_001.jpg","https://static.jhddsz.com/approval/digital/2026/01/18/dd8ac29f-faf3-4d79-9c05-baac2cc08b35.jpg"
"195","0195_461160157099066248396829_img_002.jpg","461160157099066248396829","SN码采集 / 激活照片","img_002","C:\Users\HUAWEI\Desktop\audit_robot\data\guobu_api_all_current_page2_20260708_230334\images\461160157099066248396829\img_002.jpg","https://static.jhddsz.com/approval/digital/2026/01/18/3cf27fd9-37ca-4623-9fec-15b20535de9e.jpg"
"196","0196_461160157099066248396829_img_003.png","461160157099066248396829","SN码采集 / 激活照片","img_003","C:\Users\HUAWEI\Desktop\audit_robot\data\guobu_api_all_current_page2_20260708_230334\images\461160157099066248396829\img_003.png","https://static.jhddsz.com/approval/digital/2026/03/12/935c0ca1-ec99-4b4b-b371-51f050b66189.png"
"197","0197_461160157267178985881673_img_001.jpg","461160157267178985881673","拆封照片","img_001","C:\Users\HUAWEI\Desktop\audit_robot\data\guobu_api_all_current_page2_20260708_230334\images\461160157267178985881673\img_001.jpg","https://static.jhddsz.com/approval/digital/2026/01/18/e7b034ef-c10b-4b34-801d-a78427ce9a54.jpg"
"198","0198_461160157267178985881673_img_002.jpg","461160157267178985881673","SN码采集 / 激活照片","img_002","C:\Users\HUAWEI\Desktop\audit_robot\data\guobu_api_all_current_page2_20260708_230334\images\461160157267178985881673\img_002.jpg","https://static.jhddsz.com/approval/digital/2026/01/18/1b58e756-605f-4326-b127-911953782b8b.jpg"
"199","0199_461160157427488656588828_img_001.jpg","461160157427488656588828","拆封照片","img_001","C:\Users\HUAWEI\Desktop\audit_robot\data\guobu_api_all_current_page2_20260708_230334\images\461160157427488656588828\img_001.jpg","https://static.jhddsz.com/approval/digital/2026/01/18/76302ec5-393f-4994-8bd7-4df1941ab360.jpg"
"200","0200_461160157427488656588828_img_002.jpg","461160157427488656588828","SN码采集 / 激活照片","img_002","C:\Users\HUAWEI\Desktop\audit_robot\data\guobu_api_all_current_page2_20260708_230334\images\461160157427488656588828\img_002.jpg","https://static.jhddsz.com/approval/digital/2026/01/18/ff3ee5bd-e5c3-45a5-8f8c-1c04a3a66f2b.jpg"
"201","0201_461160157499586235596852_img_001.jpg","461160157499586235596852","拆封照片","img_001","C:\Users\HUAWEI\Desktop\audit_robot\data\guobu_api_all_current_page2_20260708_230334\images\461160157499586235596852\img_001.jpg","https://static.jhddsz.com/approval/digital/2026/01/18/3c83859a-9ebd-439c-b1f9-07352d68428a.jpg"
"202","0202_461160157499586235596852_img_002.jpg","461160157499586235596852","SN码采集 / 激活照片","img_002","C:\Users\HUAWEI\Desktop\audit_robot\data\guobu_api_all_current_page2_20260708_230334\images\461160157499586235596852\img_002.jpg","https://static.jhddsz.com/approval/digital/2026/01/18/ee724d70-e26b-4986-8f2d-b3852eb18c2e.jpg"
"203","0203_461160158587433507225655_img_001.jpg","461160158587433507225655","拆封照片","img_001","C:\Users\HUAWEI\Desktop\audit_robot\data\guobu_api_all_current_page2_20260708_230334\images\461160158587433507225655\img_001.jpg","https://static.jhddsz.com/approval/digital/2026/01/18/52833c91-fd7c-486e-b647-af33bfd9d015.jpg"
"204","0204_461160158587433507225655_img_002.jpg","461160158587433507225655","SN码采集 / 激活照片","img_002","C:\Users\HUAWEI\Desktop\audit_robot\data\guobu_api_all_current_page2_20260708_230334\images\461160158587433507225655\img_002.jpg","https://static.jhddsz.com/approval/digital/2026/01/18/bfeb9e5d-4cc4-424b-ab8a-286ce604e1a5.jpg"
"205","0205_461160158787062228582439_img_001.jpg","461160158787062228582439","拆封照片","img_001","C:\Users\HUAWEI\Desktop\audit_robot\data\guobu_api_all_current_page2_20260708_230334\images\461160158787062228582439\img_001.jpg","https://static.jhddsz.com/approval/digital/2026/01/18/cf349284-5e71-4ac2-b77a-031810e24c90.jpg"
"206","0206_461160158787062228582439_img_002.jpg","461160158787062228582439","SN码采集 / 激活照片","img_002","C:\Users\HUAWEI\Desktop\audit_robot\data\guobu_api_all_current_page2_20260708_230334\images\461160158787062228582439\img_002.jpg","https://static.jhddsz.com/approval/digital/2026/01/18/07767732-2b3d-4a89-b702-e95e3cdd0f44.jpg"
"207","0207_471160139628970524672143_img_001.jpg","471160139628970524672143","拆封照片","img_001","C:\Users\HUAWEI\Desktop\audit_robot\data\guobu_api_all_20260708_203001\images\471160139628970524672143\img_001.jpg","https://static.jhddsz.com/approval/digital/2026/01/18/6f994816-9f9b-4c79-93c2-ea8f0b6c5e94.jpg"
"208","0208_471160139628970524672143_img_002.jpg","471160139628970524672143","SN码采集 / 激活照片","img_002","C:\Users\HUAWEI\Desktop\audit_robot\data\guobu_api_all_20260708_203001\images\471160139628970524672143\img_002.jpg","https://static.jhddsz.com/approval/digital/2026/01/18/d5362e78-4013-4b8c-a388-bbd92e52c5c6.jpg"
"209","0209_471160139628970524672143_img_003.jpg","471160139628970524672143","SN码采集 / 激活照片","img_003","C:\Users\HUAWEI\Desktop\audit_robot\data\guobu_api_all_20260708_203001\images\471160139628970524672143\img_003.jpg","https://static.jhddsz.com/approval/digital/2026/01/18/5f9ab0fe-905a-4aa4-aea9-8a974075ef25.jpg"
"210","0210_471160141395545938329698_img_001.jpg","471160141395545938329698","拆封照片","img_001","C:\Users\HUAWEI\Desktop\audit_robot\data\guobu_api_all_20260708_203001\images\471160141395545938329698\img_001.jpg","https://static.jhddsz.com/approval/digital/2026/01/18/80d3b265-5be4-4428-beb6-04a4f9d2dbc8.jpg"
"211","0211_471160141395545938329698_img_002.jpg","471160141395545938329698","SN码采集 / 激活照片","img_002","C:\Users\HUAWEI\Desktop\audit_robot\data\guobu_api_all_20260708_203001\images\471160141395545938329698\img_002.jpg","https://static.jhddsz.com/approval/digital/2026/01/18/47863837-b2a6-44eb-95c0-fa57d22c251d.jpg"
"212","0212_471160141825311942246450_img_001.jpg","471160141825311942246450","拆封照片","img_001","C:\Users\HUAWEI\Desktop\audit_robot\data\guobu_api_all_20260708_203001\images\471160141825311942246450\img_001.jpg","https://static.jhddsz.com/approval/digital/2026/01/18/09d6fa59-a7b6-4273-bb35-5988cd054e3a.jpg"
"213","0213_471160141825311942246450_img_002.jpg","471160141825311942246450","SN码采集 / 激活照片","img_002","C:\Users\HUAWEI\Desktop\audit_robot\data\guobu_api_all_20260708_203001\images\471160141825311942246450\img_002.jpg","https://static.jhddsz.com/approval/digital/2026/01/18/c4a03e13-e704-481d-a3b6-5788bec5fde8.jpg"
"214","0214_471160142532642730803275_img_001.jpg","471160142532642730803275","拆封照片","img_001","C:\Users\HUAWEI\Desktop\audit_robot\data\guobu_api_all_20260708_203001\images\471160142532642730803275\img_001.jpg","https://static.jhddsz.com/approval/digital/2026/01/18/a99585cf-a9e6-4504-a58c-ed156f255445.jpg"
"215","0215_471160142532642730803275_img_002.jpg","471160142532642730803275","SN码采集 / 激活照片","img_002","C:\Users\HUAWEI\Desktop\audit_robot\data\guobu_api_all_20260708_203001\images\471160142532642730803275\img_002.jpg","https://static.jhddsz.com/approval/digital/2026/01/18/68ce9340-dfea-4f7d-a83e-cef514e6f46d.jpg"
"216","0216_471160142660054774579262_img_001.jpg","471160142660054774579262","拆封照片","img_001","C:\Users\HUAWEI\Desktop\audit_robot\data\guobu_api_all_20260708_203001\images\471160142660054774579262\img_001.jpg","https://static.jhddsz.com/approval/digital/2026/01/18/5c227e4a-fcc1-4316-a213-9747e0754e57.jpg"
"217","0217_471160142660054774579262_img_002.jpg","471160142660054774579262","SN码采集 / 激活照片","img_002","C:\Users\HUAWEI\Desktop\audit_robot\data\guobu_api_all_20260708_203001\images\471160142660054774579262\img_002.jpg","https://static.jhddsz.com/approval/digital/2026/01/18/d5cab297-48cf-490f-8214-595525818c83.jpg"
"218","0218_471160142751673457049658_img_001.jpg","471160142751673457049658","拆封照片","img_001","C:\Users\HUAWEI\Desktop\audit_robot\data\guobu_api_all_20260708_203001\images\471160142751673457049658\img_001.jpg","https://static.jhddsz.com/approval/digital/2026/01/18/5beabb05-1836-44df-b9c2-3062497b6fa9.jpg"
"219","0219_471160142751673457049658_img_002.jpg","471160142751673457049658","SN码采集 / 激活照片","img_002","C:\Users\HUAWEI\Desktop\audit_robot\data\guobu_api_all_20260708_203001\images\471160142751673457049658\img_002.jpg","https://static.jhddsz.com/approval/digital/2026/01/18/221d894b-9137-42e7-a7e6-a48dd26587ea.jpg"
"220","0220_471160142811563091558420_img_001.jpg","471160142811563091558420","拆封照片","img_001","C:\Users\HUAWEI\Desktop\audit_robot\data\guobu_api_all_20260708_203001\images\471160142811563091558420\img_001.jpg","https://static.jhddsz.com/approval/digital/2026/01/18/68db3059-7a04-442d-add5-5ba848b4d671.jpg"
"221","0221_471160142811563091558420_img_002.jpg","471160142811563091558420","SN码采集 / 激活照片","img_002","C:\Users\HUAWEI\Desktop\audit_robot\data\guobu_api_all_20260708_203001\images\471160142811563091558420\img_002.jpg","https://static.jhddsz.com/approval/digital/2026/01/18/530d8d1b-ae76-407a-a739-7a83db674eee.jpg"
"222","0222_471160143417191222476827_img_001.jpg","471160143417191222476827","拆封照片","img_001","C:\Users\HUAWEI\Desktop\audit_robot\data\guobu_api_all_20260708_203001\images\471160143417191222476827\img_001.jpg","https://static.jhddsz.com/approval/digital/2026/01/18/9d7b203e-6802-4333-872c-15584cd8c588.jpg"
"223","0223_471160143417191222476827_img_002.jpg","471160143417191222476827","SN码采集 / 激活照片","img_002","C:\Users\HUAWEI\Desktop\audit_robot\data\guobu_api_all_20260708_203001\images\471160143417191222476827\img_002.jpg","https://static.jhddsz.com/approval/digital/2026/01/18/36ed374d-c537-4105-8f97-6ccea2000d4a.jpg"
"224","0224_471160143517573506662432_img_001.jpg","471160143517573506662432","拆封照片","img_001","C:\Users\HUAWEI\Desktop\audit_robot\data\guobu_api_all_20260708_203001\images\471160143517573506662432\img_001.jpg","https://static.jhddsz.com/approval/digital/2026/01/19/45f940fc-1de5-4580-ad70-e093fe001e56.jpg"
"225","0225_471160143517573506662432_img_002.jpg","471160143517573506662432","SN码采集 / 激活照片","img_002","C:\Users\HUAWEI\Desktop\audit_robot\data\guobu_api_all_20260708_203001\images\471160143517573506662432\img_002.jpg","https://static.jhddsz.com/approval/digital/2026/01/18/62df14c3-eb77-41a3-859d-93f27bc25887.jpg"
"226","0226_471160143670537260236878_img_001.jpg","471160143670537260236878","拆封照片","img_001","C:\Users\HUAWEI\Desktop\audit_robot\data\guobu_api_all_20260708_203001\images\471160143670537260236878\img_001.jpg","https://static.jhddsz.com/approval/digital/2026/01/18/d9483a7b-6343-4e40-bc85-bc109bd49164.jpg"
"227","0227_471160143670537260236878_img_002.jpg","471160143670537260236878","SN码采集 / 激活照片","img_002","C:\Users\HUAWEI\Desktop\audit_robot\data\guobu_api_all_20260708_203001\images\471160143670537260236878\img_002.jpg","https://static.jhddsz.com/approval/digital/2026/01/18/29f6c430-d6ab-4b77-8921-eb7b06f204cb.jpg"
"228","0228_471160143806738042060873_img_001.jpg","471160143806738042060873","拆封照片","img_001","C:\Users\HUAWEI\Desktop\audit_robot\data\guobu_api_all_20260708_203001\images\471160143806738042060873\img_001.jpg","https://static.jhddsz.com/approval/digital/2026/01/18/e3e5f47c-65e7-4b3c-bd9b-72c7b163db38.jpg"
"229","0229_471160143806738042060873_img_002.jpg","471160143806738042060873","SN码采集 / 激活照片","img_002","C:\Users\HUAWEI\Desktop\audit_robot\data\guobu_api_all_20260708_203001\images\471160143806738042060873\img_002.jpg","https://static.jhddsz.com/approval/digital/2026/01/18/85cbd7c5-5b3f-4351-aba4-5af69e2465bf.jpg"
"230","0230_471160143825226534092887_img_001.jpg","471160143825226534092887","拆封照片","img_001","C:\Users\HUAWEI\Desktop\audit_robot\data\guobu_api_all_20260708_203001\images\471160143825226534092887\img_001.jpg","https://static.jhddsz.com/approval/digital/2026/01/18/654441dc-9fe5-4135-94f4-349808697315.jpg"
"231","0231_471160143825226534092887_img_002.jpg","471160143825226534092887","SN码采集 / 激活照片","img_002","C:\Users\HUAWEI\Desktop\audit_robot\data\guobu_api_all_20260708_203001\images\471160143825226534092887\img_002.jpg","https://static.jhddsz.com/approval/digital/2026/01/18/b94e8c55-29ad-4b8b-8978-03bd249b2878.jpg"
"232","0232_471160143863454259609680_img_001.jpg","471160143863454259609680","拆封照片","img_001","C:\Users\HUAWEI\Desktop\audit_robot\data\guobu_api_all_20260708_203001\images\471160143863454259609680\img_001.jpg","https://static.jhddsz.com/approval/digital/2026/01/18/93cc535f-0aeb-495b-b601-3cc9a7e0ec7a.jpg"
"233","0233_471160143863454259609680_img_002.jpg","471160143863454259609680","SN码采集 / 激活照片","img_002","C:\Users\HUAWEI\Desktop\audit_robot\data\guobu_api_all_20260708_203001\images\471160143863454259609680\img_002.jpg","https://static.jhddsz.com/approval/digital/2026/01/18/197d01a6-eadb-402c-b2ee-87a80d1fed6a.jpg"
"234","0234_471160144296819841433682_img_001.jpg","471160144296819841433682","拆封照片","img_001","C:\Users\HUAWEI\Desktop\audit_robot\data\guobu_api_all_20260708_203001\images\471160144296819841433682\img_001.jpg","https://static.jhddsz.com/approval/digital/2026/01/18/17be8f34-d152-49f8-b162-75d34ae2e54c.jpg"
"235","0235_471160144296819841433682_img_002.jpg","471160144296819841433682","SN码采集 / 激活照片","img_002","C:\Users\HUAWEI\Desktop\audit_robot\data\guobu_api_all_20260708_203001\images\471160144296819841433682\img_002.jpg","https://static.jhddsz.com/approval/digital/2026/01/18/9a205258-eb5f-4b35-bdab-4a55791e2cbb.jpg"
"236","0236_471160144734440911667236_img_001.jpg","471160144734440911667236","拆封照片","img_001","C:\Users\HUAWEI\Desktop\audit_robot\data\guobu_api_all_20260708_203001\images\471160144734440911667236\img_001.jpg","https://static.jhddsz.com/approval/digital/2026/01/18/73ff04d7-3f39-47b2-9dfc-90c92b336277.jpg"
"237","0237_471160144734440911667236_img_002.jpg","471160144734440911667236","SN码采集 / 激活照片","img_002","C:\Users\HUAWEI\Desktop\audit_robot\data\guobu_api_all_20260708_203001\images\471160144734440911667236\img_002.jpg","https://static.jhddsz.com/approval/digital/2026/01/18/999e090c-2ce0-4cc5-bd7a-8fcd4a67ef6f.jpg"
"238","0238_471160145606391434444849_img_001.jpg","471160145606391434444849","拆封照片","img_001","C:\Users\HUAWEI\Desktop\audit_robot\data\guobu_api_all_20260708_203001\images\471160145606391434444849\img_001.jpg","https://static.jhddsz.com/approval/digital/2026/01/18/d9a39f03-da98-4307-8fb4-6e67df4ed450.jpg"
"239","0239_471160145606391434444849_img_002.jpg","471160145606391434444849","SN码采集 / 激活照片","img_002","C:\Users\HUAWEI\Desktop\audit_robot\data\guobu_api_all_20260708_203001\images\471160145606391434444849\img_002.jpg","https://static.jhddsz.com/approval/digital/2026/01/18/5fa08c46-63ef-4128-a8f9-d5807d6d9dd6.jpg"
"240","0240_471160145665499237580875_img_001.jpg","471160145665499237580875","拆封照片","img_001","C:\Users\HUAWEI\Desktop\audit_robot\data\guobu_api_all_20260708_203001\images\471160145665499237580875\img_001.jpg","https://static.jhddsz.com/approval/digital/2026/01/21/59815587-a955-479f-be5f-1c17cb504500.jpg"
"241","0241_471160145665499237580875_img_002.jpg","471160145665499237580875","SN码采集 / 激活照片","img_002","C:\Users\HUAWEI\Desktop\audit_robot\data\guobu_api_all_20260708_203001\images\471160145665499237580875\img_002.jpg","https://static.jhddsz.com/approval/digital/2026/01/23/144fcd95-955e-480d-ae4e-224db5699717.jpg"
"242","0242_471160145694828324454448_img_001.png","471160145694828324454448","拆封照片","img_001","C:\Users\HUAWEI\Desktop\audit_robot\data\guobu_api_all_20260708_203001\images\471160145694828324454448\img_001.png","https://static.jhddsz.com/approval/digital/2026/01/18/7076c704-a4c2-4408-970d-1f2ad02c7d57.png"
"243","0243_471160145694828324454448_img_002.png","471160145694828324454448","SN码采集 / 激活照片","img_002","C:\Users\HUAWEI\Desktop\audit_robot\data\guobu_api_all_20260708_203001\images\471160145694828324454448\img_002.png","https://static.jhddsz.com/approval/digital/2026/01/18/4333becd-e6ed-47b5-a364-880ba3fca4be.png"
"244","0244_471160145720388413030490_img_001.jpg","471160145720388413030490","拆封照片","img_001","C:\Users\HUAWEI\Desktop\audit_robot\data\guobu_api_all_20260708_203001\images\471160145720388413030490\img_001.jpg","https://static.jhddsz.com/approval/digital/2026/01/18/9e8f4ba0-9fec-4110-b8e5-72aa0809d0dd.jpg"
"245","0245_471160145720388413030490_img_002.jpg","471160145720388413030490","SN码采集 / 激活照片","img_002","C:\Users\HUAWEI\Desktop\audit_robot\data\guobu_api_all_20260708_203001\images\471160145720388413030490\img_002.jpg","https://static.jhddsz.com/approval/digital/2026/01/18/dd49ea52-12fb-4bb2-9464-a65696f694cc.jpg"
"246","0246_471160145870698853171393_img_001.jpg","471160145870698853171393","拆封照片","img_001","C:\Users\HUAWEI\Desktop\audit_robot\data\guobu_api_all_20260708_203001\images\471160145870698853171393\img_001.jpg","https://static.jhddsz.com/approval/digital/2026/01/18/f4f9b729-9cee-42ee-88aa-87c827eab479.jpg"
"247","0247_471160145870698853171393_img_002.jpg","471160145870698853171393","SN码采集 / 激活照片","img_002","C:\Users\HUAWEI\Desktop\audit_robot\data\guobu_api_all_20260708_203001\images\471160145870698853171393\img_002.jpg","https://static.jhddsz.com/approval/digital/2026/01/18/ae2c875a-7455-40a0-9d58-2d119b2d6562.jpg"
"248","0248_471160145958420201472045_img_001.jpg","471160145958420201472045","拆封照片","img_001","C:\Users\HUAWEI\Desktop\audit_robot\data\guobu_api_all_20260708_203001\images\471160145958420201472045\img_001.jpg","https://static.jhddsz.com/approval/digital/2026/01/18/104a1080-0c81-4968-8705-1792ab3f829b.jpg"
"249","0249_471160145958420201472045_img_002.jpg","471160145958420201472045","SN码采集 / 激活照片","img_002","C:\Users\HUAWEI\Desktop\audit_robot\data\guobu_api_all_20260708_203001\images\471160145958420201472045\img_002.jpg","https://static.jhddsz.com/approval/digital/2026/01/18/54310f8b-1942-4a4d-a1de-e037f34692ce.jpg"
"250","0250_471160145978500002611246_img_001.jpg","471160145978500002611246","拆封照片","img_001","C:\Users\HUAWEI\Desktop\audit_robot\data\guobu_api_all_20260708_203001\images\471160145978500002611246\img_001.jpg","https://static.jhddsz.com/approval/digital/2026/01/18/e120c954-0046-4e08-ab34-083ee2aa7331.jpg"
"251","0251_471160145978500002611246_img_002.jpg","471160145978500002611246","SN码采集 / 激活照片","img_002","C:\Users\HUAWEI\Desktop\audit_robot\data\guobu_api_all_20260708_203001\images\471160145978500002611246\img_002.jpg","https://static.jhddsz.com/approval/digital/2026/01/18/a7991507-d14f-4d45-a558-5edb77222e6b.jpg"
"252","0252_471160146021857384857650_img_001.jpg","471160146021857384857650","拆封照片","img_001","C:\Users\HUAWEI\Desktop\audit_robot\data\guobu_api_all_20260708_203001\images\471160146021857384857650\img_001.jpg","https://static.jhddsz.com/approval/digital/2026/01/18/051040d0-996c-41b4-b22b-a2fa71ddb525.jpg"
"253","0253_471160146021857384857650_img_002.jpg","471160146021857384857650","SN码采集 / 激活照片","img_002","C:\Users\HUAWEI\Desktop\audit_robot\data\guobu_api_all_20260708_203001\images\471160146021857384857650\img_002.jpg","https://static.jhddsz.com/approval/digital/2026/01/18/0d99179f-8182-459c-8218-eec1ee5c39c3.jpg"
"254","0254_471160146097679469772837_img_001.jpg","471160146097679469772837","拆封照片","img_001","C:\Users\HUAWEI\Desktop\audit_robot\data\guobu_api_all_20260708_203001\images\471160146097679469772837\img_001.jpg","https://static.jhddsz.com/approval/digital/2026/01/18/fda9e966-22fd-4ba9-a069-4e584ed0340c.jpg"
"255","0255_471160146097679469772837_img_002.jpg","471160146097679469772837","SN码采集 / 激活照片","img_002","C:\Users\HUAWEI\Desktop\audit_robot\data\guobu_api_all_20260708_203001\images\471160146097679469772837\img_002.jpg","https://static.jhddsz.com/approval/digital/2026/01/19/f8533f16-c45b-4fd7-bd5c-410ccc2de7ac.jpg"
"256","0256_471160146182518508748869_img_001.jpg","471160146182518508748869","拆封照片","img_001","C:\Users\HUAWEI\Desktop\audit_robot\data\guobu_api_all_current_page2_20260708_230334\images\471160146182518508748869\img_001.jpg","https://static.jhddsz.com/approval/digital/2026/01/18/94e3f705-0004-4b78-ad8b-a5e75cf0dc82.jpg"
"257","0257_471160146182518508748869_img_002.jpg","471160146182518508748869","SN码采集 / 激活照片","img_002","C:\Users\HUAWEI\Desktop\audit_robot\data\guobu_api_all_current_page2_20260708_230334\images\471160146182518508748869\img_002.jpg","https://static.jhddsz.com/approval/digital/2026/01/18/63daef81-d206-4a09-943b-a678fb484d5a.jpg"
"258","0258_471160146592184555929622_img_001.jpg","471160146592184555929622","拆封照片","img_001","C:\Users\HUAWEI\Desktop\audit_robot\data\guobu_api_all_20260708_203001\images\471160146592184555929622\img_001.jpg","https://static.jhddsz.com/approval/digital/2026/01/18/de28019a-356b-487d-9f44-cd2c1fa62ef2.jpg"
"259","0259_471160146592184555929622_img_002.jpg","471160146592184555929622","SN码采集 / 激活照片","img_002","C:\Users\HUAWEI\Desktop\audit_robot\data\guobu_api_all_20260708_203001\images\471160146592184555929622\img_002.jpg","https://static.jhddsz.com/approval/digital/2026/01/18/0a4a593e-7cc8-4b5b-965b-fdbb6b228cd5.jpg"
"260","0260_471160146715525624627244_img_001.jpg","471160146715525624627244","拆封照片","img_001","C:\Users\HUAWEI\Desktop\audit_robot\data\guobu_api_all_20260708_203001\images\471160146715525624627244\img_001.jpg","https://static.jhddsz.com/approval/digital/2026/01/18/bdcc7cb0-d4a8-4de2-8df3-3a1efce7c0c3.jpg"
"261","0261_471160146715525624627244_img_002.jpg","471160146715525624627244","SN码采集 / 激活照片","img_002","C:\Users\HUAWEI\Desktop\audit_robot\data\guobu_api_all_20260708_203001\images\471160146715525624627244\img_002.jpg","https://static.jhddsz.com/approval/digital/2026/01/18/085c119f-e99b-4553-b437-a1957211990d.jpg"
"262","0262_471160146897720324915281_img_001.jpg","471160146897720324915281","拆封照片","img_001","C:\Users\HUAWEI\Desktop\audit_robot\data\guobu_api_all_20260708_203001\images\471160146897720324915281\img_001.jpg","https://static.jhddsz.com/approval/digital/2026/01/18/c8cab5f3-4b92-4a46-9b0d-681d055c11c9.jpg"
"263","0263_471160146897720324915281_img_002.jpg","471160146897720324915281","SN码采集 / 激活照片","img_002","C:\Users\HUAWEI\Desktop\audit_robot\data\guobu_api_all_20260708_203001\images\471160146897720324915281\img_002.jpg","https://static.jhddsz.com/approval/digital/2026/01/18/456c9e78-e208-4817-8c75-835c5161e2ee.jpg"
"264","0264_471160146969426994790468_img_001.jpg","471160146969426994790468","拆封照片","img_001","C:\Users\HUAWEI\Desktop\audit_robot\data\guobu_api_all_20260708_203001\images\471160146969426994790468\img_001.jpg","https://static.jhddsz.com/approval/digital/2026/01/18/29df2010-e979-4ee9-b755-88a96b1ad8fa.jpg"
"265","0265_471160146969426994790468_img_002.jpg","471160146969426994790468","SN码采集 / 激活照片","img_002","C:\Users\HUAWEI\Desktop\audit_robot\data\guobu_api_all_20260708_203001\images\471160146969426994790468\img_002.jpg","https://static.jhddsz.com/approval/digital/2026/01/18/9cadb252-2391-4a20-ab1d-1104ae5449d4.jpg"
"266","0266_471160146971094650060881_img_001.jpg","471160146971094650060881","拆封照片","img_001","C:\Users\HUAWEI\Desktop\audit_robot\data\guobu_api_all_20260708_203001\images\471160146971094650060881\img_001.jpg","https://static.jhddsz.com/approval/digital/2026/01/18/d6591c8d-33cc-45fe-bd13-1c76632076c0.jpg"
"267","0267_471160146971094650060881_img_002.jpg","471160146971094650060881","SN码采集 / 激活照片","img_002","C:\Users\HUAWEI\Desktop\audit_robot\data\guobu_api_all_20260708_203001\images\471160146971094650060881\img_002.jpg","https://static.jhddsz.com/approval/digital/2026/01/18/c8af5ab6-0a51-4eba-84a4-fe8adbdfe399.jpg"
"268","0268_471160147077837999308807_img_001.jpg","471160147077837999308807","拆封照片","img_001","C:\Users\HUAWEI\Desktop\audit_robot\data\guobu_api_all_20260708_203001\images\471160147077837999308807\img_001.jpg","https://static.jhddsz.com/approval/digital/2026/01/18/3dfc65b2-e41a-4ac1-be8b-9e69fec48f5b.jpg"
"269","0269_471160147077837999308807_img_002.jpg","471160147077837999308807","SN码采集 / 激活照片","img_002","C:\Users\HUAWEI\Desktop\audit_robot\data\guobu_api_all_20260708_203001\images\471160147077837999308807\img_002.jpg","https://static.jhddsz.com/approval/digital/2026/01/18/79fe9346-cf50-4375-9d42-14e4b6670243.jpg"
"270","0270_471160147172856587878495_img_001.jpg","471160147172856587878495","拆封照片","img_001","C:\Users\HUAWEI\Desktop\audit_robot\data\guobu_api_all_20260708_203001\images\471160147172856587878495\img_001.jpg","https://static.jhddsz.com/approval/digital/2026/01/18/28a7751b-9d42-4ea7-8c5b-59b8e5d65466.jpg"
"271","0271_471160147172856587878495_img_002.jpg","471160147172856587878495","SN码采集 / 激活照片","img_002","C:\Users\HUAWEI\Desktop\audit_robot\data\guobu_api_all_20260708_203001\images\471160147172856587878495\img_002.jpg","https://static.jhddsz.com/approval/digital/2026/01/18/02ac442a-0001-4df8-bfa6-07f6f06a2405.jpg"
"272","0272_471160147348423448985659_img_001.jpg","471160147348423448985659","拆封照片","img_001","C:\Users\HUAWEI\Desktop\audit_robot\data\guobu_api_all_current_page2_20260708_230334\images\471160147348423448985659\img_001.jpg","https://static.jhddsz.com/approval/digital/2026/01/18/93e4b0f3-25c0-4b52-97c1-0958e0420b88.jpg"
"273","0273_471160147348423448985659_img_002.jpg","471160147348423448985659","SN码采集 / 激活照片","img_002","C:\Users\HUAWEI\Desktop\audit_robot\data\guobu_api_all_current_page2_20260708_230334\images\471160147348423448985659\img_002.jpg","https://static.jhddsz.com/approval/digital/2026/01/18/d5f36959-9841-403d-ab54-27956bc8727d.jpg"
"274","0274_471160147656079848243275_img_001.jpg","471160147656079848243275","拆封照片","img_001","C:\Users\HUAWEI\Desktop\audit_robot\data\guobu_api_all_20260708_203001\images\471160147656079848243275\img_001.jpg","https://static.jhddsz.com/approval/digital/2026/01/18/99968cde-4624-40d2-a79d-eb68c3b8228d.jpg"
"275","0275_471160147656079848243275_img_002.jpg","471160147656079848243275","SN码采集 / 激活照片","img_002","C:\Users\HUAWEI\Desktop\audit_robot\data\guobu_api_all_20260708_203001\images\471160147656079848243275\img_002.jpg","https://static.jhddsz.com/approval/digital/2026/01/18/55f123b8-080b-4bfa-8d7a-55f1a159b6f9.jpg"
"276","0276_471160147815801464422414_img_001.jpg","471160147815801464422414","拆封照片","img_001","C:\Users\HUAWEI\Desktop\audit_robot\data\guobu_api_all_20260708_203001\images\471160147815801464422414\img_001.jpg","https://static.jhddsz.com/approval/digital/2026/01/18/5691f979-2872-469c-8abe-2101b2fd9616.jpg"
"277","0277_471160147815801464422414_img_002.jpg","471160147815801464422414","SN码采集 / 激活照片","img_002","C:\Users\HUAWEI\Desktop\audit_robot\data\guobu_api_all_20260708_203001\images\471160147815801464422414\img_002.jpg","https://static.jhddsz.com/approval/digital/2026/01/18/5e69cba2-9b17-46c0-8f6e-98efb8d15dc9.jpg"
"278","0278_471160148075237628313613_img_001.jpg","471160148075237628313613","拆封照片","img_001","C:\Users\HUAWEI\Desktop\audit_robot\data\guobu_api_all_20260708_203001\images\471160148075237628313613\img_001.jpg","https://static.jhddsz.com/approval/digital/2026/01/18/10e9279b-9393-4674-b205-6c77d444c1c3.jpg"
"279","0279_471160148075237628313613_img_002.jpg","471160148075237628313613","SN码采集 / 激活照片","img_002","C:\Users\HUAWEI\Desktop\audit_robot\data\guobu_api_all_20260708_203001\images\471160148075237628313613\img_002.jpg","https://static.jhddsz.com/approval/digital/2026/01/18/912ba8ee-6b76-455e-8f64-1076ef287c16.jpg"
"280","0280_471160148220085387264099_img_001.jpg","471160148220085387264099","拆封照片","img_001","C:\Users\HUAWEI\Desktop\audit_robot\data\guobu_api_all_current_page2_20260708_230334\images\471160148220085387264099\img_001.jpg","https://static.jhddsz.com/approval/digital/2026/01/18/49b45b52-7a87-4221-8cd7-276b1a7d02a8.jpg"
"281","0281_471160148220085387264099_img_002.jpg","471160148220085387264099","SN码采集 / 激活照片","img_002","C:\Users\HUAWEI\Desktop\audit_robot\data\guobu_api_all_current_page2_20260708_230334\images\471160148220085387264099\img_002.jpg","https://static.jhddsz.com/approval/digital/2026/01/18/95a40e0b-c565-4460-84ae-05fec9825f99.jpg"
"282","0282_471160148660989791436830_img_001.jpg","471160148660989791436830","拆封照片","img_001","C:\Users\HUAWEI\Desktop\audit_robot\data\guobu_api_all_current_page2_20260708_230334\images\471160148660989791436830\img_001.jpg","https://static.jhddsz.com/approval/digital/2026/01/18/495693ee-d28e-4471-8a99-55cffb83d0a4.jpg"
"283","0283_471160148660989791436830_img_002.jpg","471160148660989791436830","SN码采集 / 激活照片","img_002","C:\Users\HUAWEI\Desktop\audit_robot\data\guobu_api_all_current_page2_20260708_230334\images\471160148660989791436830\img_002.jpg","https://static.jhddsz.com/approval/digital/2026/01/18/11277f06-8377-4a99-9a33-82997a9f630a.jpg"
"284","0284_471160148667266144665647_img_001.jpg","471160148667266144665647","拆封照片","img_001","C:\Users\HUAWEI\Desktop\audit_robot\data\guobu_api_all_20260708_203001\images\471160148667266144665647\img_001.jpg","https://static.jhddsz.com/approval/digital/2026/01/18/69820c17-1b98-4f07-bcc8-afc13492645d.jpg"
"285","0285_471160148667266144665647_img_002.jpg","471160148667266144665647","SN码采集 / 激活照片","img_002","C:\Users\HUAWEI\Desktop\audit_robot\data\guobu_api_all_20260708_203001\images\471160148667266144665647\img_002.jpg","https://static.jhddsz.com/approval/digital/2026/01/18/17b0517b-44e7-40ae-8417-7ce39482ad67.jpg"
"286","0286_471160148669197202227239_img_001.jpg","471160148669197202227239","拆封照片","img_001","C:\Users\HUAWEI\Desktop\audit_robot\data\guobu_api_all_20260708_203001\images\471160148669197202227239\img_001.jpg","https://static.jhddsz.com/approval/digital/2026/01/18/bd6ea7bd-94d1-4b12-9388-11ae26c38e9b.jpg"
"287","0287_471160148669197202227239_img_002.jpg","471160148669197202227239","SN码采集 / 激活照片","img_002","C:\Users\HUAWEI\Desktop\audit_robot\data\guobu_api_all_20260708_203001\images\471160148669197202227239\img_002.jpg","https://static.jhddsz.com/approval/digital/2026/01/18/21fb4dcd-1977-4c77-8234-d9cf01bacb03.jpg"
"288","0288_471160148797856648396830_img_001.jpg","471160148797856648396830","拆封照片","img_001","C:\Users\HUAWEI\Desktop\audit_robot\data\guobu_api_all_20260708_203001\images\471160148797856648396830\img_001.jpg","https://static.jhddsz.com/approval/digital/2026/01/18/b39c3bf6-2493-4a29-b692-cbee4eb68f38.jpg"
"289","0289_471160148797856648396830_img_002.jpg","471160148797856648396830","SN码采集 / 激活照片","img_002","C:\Users\HUAWEI\Desktop\audit_robot\data\guobu_api_all_20260708_203001\images\471160148797856648396830\img_002.jpg","https://static.jhddsz.com/approval/digital/2026/01/18/1f7c87b5-49e7-4f27-869e-8b5225c7db6a.jpg"
"290","0290_471160148840344109056090_img_001.jpg","471160148840344109056090","拆封照片","img_001","C:\Users\HUAWEI\Desktop\audit_robot\data\guobu_api_all_20260708_203001\images\471160148840344109056090\img_001.jpg","https://static.jhddsz.com/approval/digital/2026/01/18/6e37415e-ab71-4788-9b9b-0911ae645081.jpg"
"291","0291_471160148840344109056090_img_002.jpg","471160148840344109056090","SN码采集 / 激活照片","img_002","C:\Users\HUAWEI\Desktop\audit_robot\data\guobu_api_all_20260708_203001\images\471160148840344109056090\img_002.jpg","https://static.jhddsz.com/approval/digital/2026/01/18/8b7ea42d-5dab-4736-8e8d-e04fd228b0fc.jpg"
"292","0292_471160148940453740544013_img_001.jpg","471160148940453740544013","拆封照片","img_001","C:\Users\HUAWEI\Desktop\audit_robot\data\guobu_api_all_20260708_203001\images\471160148940453740544013\img_001.jpg","https://static.jhddsz.com/approval/digital/2026/01/18/041d99b7-1609-4c73-8221-81418419a461.jpg"
"293","0293_471160148940453740544013_img_002.jpg","471160148940453740544013","SN码采集 / 激活照片","img_002","C:\Users\HUAWEI\Desktop\audit_robot\data\guobu_api_all_20260708_203001\images\471160148940453740544013\img_002.jpg","https://static.jhddsz.com/approval/digital/2026/01/18/d13c5e9e-76df-4036-9a95-77b9cd11ba4f.jpg"
"294","0294_471160148979032938905622_img_001.jpg","471160148979032938905622","拆封照片","img_001","C:\Users\HUAWEI\Desktop\audit_robot\data\guobu_api_all_20260708_203001\images\471160148979032938905622\img_001.jpg","https://static.jhddsz.com/approval/digital/2026/01/18/b992bc1c-e59f-41e0-9830-33386e6a4549.jpg"
"295","0295_471160148979032938905622_img_002.jpg","471160148979032938905622","SN码采集 / 激活照片","img_002","C:\Users\HUAWEI\Desktop\audit_robot\data\guobu_api_all_20260708_203001\images\471160148979032938905622\img_002.jpg","https://static.jhddsz.com/approval/digital/2026/01/18/5c3e2cb4-bcdc-457b-abd7-0e3d12109a8e.jpg"
"296","0296_471160149216750161100897_img_001.jpg","471160149216750161100897","拆封照片","img_001","C:\Users\HUAWEI\Desktop\audit_robot\data\guobu_api_all_20260708_203001\images\471160149216750161100897\img_001.jpg","https://static.jhddsz.com/approval/digital/2026/01/18/f34c1f4d-4d0f-4b86-8b78-b63174484af3.jpg"
"297","0297_471160149216750161100897_img_002.jpg","471160149216750161100897","SN码采集 / 激活照片","img_002","C:\Users\HUAWEI\Desktop\audit_robot\data\guobu_api_all_20260708_203001\images\471160149216750161100897\img_002.jpg","https://static.jhddsz.com/approval/digital/2026/01/18/985a0fb0-3159-4b9a-a4db-625cbf1c3e1c.jpg"
"298","0298_471160149348267606016002_img_001.jpg","471160149348267606016002","拆封照片","img_001","C:\Users\HUAWEI\Desktop\audit_robot\data\guobu_api_all_current_page2_20260708_230334\images\471160149348267606016002\img_001.jpg","https://static.jhddsz.com/approval/digital/2026/01/18/1a0504d0-5e71-4c0f-a03e-77c4ed51cbfe.jpg"
"299","0299_471160149348267606016002_img_002.jpg","471160149348267606016002","SN码采集 / 激活照片","img_002","C:\Users\HUAWEI\Desktop\audit_robot\data\guobu_api_all_current_page2_20260708_230334\images\471160149348267606016002\img_002.jpg","https://static.jhddsz.com/approval/digital/2026/01/18/85986e8e-c5e1-4b6e-9951-15a396bdccde.jpg"
"300","0300_471160149409506118860865_img_001.jpg","471160149409506118860865","拆封照片","img_001","C:\Users\HUAWEI\Desktop\audit_robot\data\guobu_api_all_20260708_203001\images\471160149409506118860865\img_001.jpg","https://static.jhddsz.com/approval/digital/2026/01/18/852d7479-afc4-409d-b7be-06476c6cee1b.jpg"
"301","0301_471160149409506118860865_img_002.jpg","471160149409506118860865","SN码采集 / 激活照片","img_002","C:\Users\HUAWEI\Desktop\audit_robot\data\guobu_api_all_20260708_203001\images\471160149409506118860865\img_002.jpg","https://static.jhddsz.com/approval/digital/2026/01/18/44ab887e-edac-4372-8d6a-f79031d93a34.jpg"
"302","0302_471160149563317944320004_img_001.jpg","471160149563317944320004","拆封照片","img_001","C:\Users\HUAWEI\Desktop\audit_robot\data\guobu_api_all_20260708_203001\images\471160149563317944320004\img_001.jpg","https://static.jhddsz.com/approval/digital/2026/01/18/ea6de339-023e-4962-9a8c-dd4dc82176d3.jpg"
"303","0303_471160149563317944320004_img_002.jpg","471160149563317944320004","SN码采集 / 激活照片","img_002","C:\Users\HUAWEI\Desktop\audit_robot\data\guobu_api_all_20260708_203001\images\471160149563317944320004\img_002.jpg","https://static.jhddsz.com/approval/digital/2026/01/18/0a5655fe-6504-4861-b92e-9aa776b266e0.jpg"
"304","0304_471160149924539816345662_img_001.jpg","471160149924539816345662","拆封照片","img_001","C:\Users\HUAWEI\Desktop\audit_robot\data\guobu_api_all_20260708_203001\images\471160149924539816345662\img_001.jpg","https://static.jhddsz.com/approval/digital/2026/01/18/532fdd95-31f4-41b4-94d2-01f4f3c99b27.jpg"
"305","0305_471160149924539816345662_img_002.jpg","471160149924539816345662","SN码采集 / 激活照片","img_002","C:\Users\HUAWEI\Desktop\audit_robot\data\guobu_api_all_20260708_203001\images\471160149924539816345662\img_002.jpg","https://static.jhddsz.com/approval/digital/2026/01/18/65e4cf3e-2c05-47ff-977d-62e053c733b0.jpg"
"306","0306_471160150007092081459298_img_001.jpg","471160150007092081459298","拆封照片","img_001","C:\Users\HUAWEI\Desktop\audit_robot\data\guobu_api_all_20260708_203001\images\471160150007092081459298\img_001.jpg","https://static.jhddsz.com/approval/digital/2026/01/18/338dec47-0042-4bc4-8c58-1eddc8497297.jpg"
"307","0307_471160150007092081459298_img_002.jpg","471160150007092081459298","SN码采集 / 激活照片","img_002","C:\Users\HUAWEI\Desktop\audit_robot\data\guobu_api_all_20260708_203001\images\471160150007092081459298\img_002.jpg","https://static.jhddsz.com/approval/digital/2026/01/18/da3ad117-68b6-4624-b25d-cd5981cf5ae9.jpg"
"308","0308_471160150249203259801658_img_001.jpg","471160150249203259801658","拆封照片","img_001","C:\Users\HUAWEI\Desktop\audit_robot\data\guobu_api_all_current_page2_20260708_230334\images\471160150249203259801658\img_001.jpg","https://static.jhddsz.com/approval/digital/2026/01/18/246545d0-957b-4d5f-a364-97ccbe0132d0.jpg"
"309","0309_471160150249203259801658_img_002.jpg","471160150249203259801658","SN码采集 / 激活照片","img_002","C:\Users\HUAWEI\Desktop\audit_robot\data\guobu_api_all_current_page2_20260708_230334\images\471160150249203259801658\img_002.jpg","https://static.jhddsz.com/approval/digital/2026/01/18/a719ef35-85b1-4c3e-b1b4-7f3e5efa90fe.jpg"
"310","0310_471160150278247989248017_img_001.jpg","471160150278247989248017","拆封照片","img_001","C:\Users\HUAWEI\Desktop\audit_robot\data\guobu_api_all_20260708_203001\images\471160150278247989248017\img_001.jpg","https://static.jhddsz.com/approval/digital/2026/01/18/585a2578-cf60-416a-900f-d39acddcfd2a.jpg"
"311","0311_471160150278247989248017_img_002.jpg","471160150278247989248017","SN码采集 / 激活照片","img_002","C:\Users\HUAWEI\Desktop\audit_robot\data\guobu_api_all_20260708_203001\images\471160150278247989248017\img_002.jpg","https://static.jhddsz.com/approval/digital/2026/01/18/ce73d624-9a2f-4dc5-989f-8ac2fc1fafce.jpg"
"312","0312_471160150459883991859253_img_001.jpg","471160150459883991859253","拆封照片","img_001","C:\Users\HUAWEI\Desktop\audit_robot\data\guobu_api_all_current_page2_20260708_230334\images\471160150459883991859253\img_001.jpg","https://static.jhddsz.com/approval/digital/2026/01/18/da39955d-0069-4ebf-b739-dc1dc046e71d.jpg"
"313","0313_471160150459883991859253_img_002.jpg","471160150459883991859253","SN码采集 / 激活照片","img_002","C:\Users\HUAWEI\Desktop\audit_robot\data\guobu_api_all_current_page2_20260708_230334\images\471160150459883991859253\img_002.jpg","https://static.jhddsz.com/approval/digital/2026/01/18/b40748d2-5754-479a-8e4f-b99ad889cb28.jpg"
"314","0314_471160150473658925056047_img_001.jpg","471160150473658925056047","拆封照片","img_001","C:\Users\HUAWEI\Desktop\audit_robot\data\guobu_api_all_current_page2_20260708_230334\images\471160150473658925056047\img_001.jpg","https://static.jhddsz.com/approval/digital/2026/01/18/4317c9e9-b048-42ed-ae93-90c7562b947b.jpg"
"315","0315_471160150473658925056047_img_002.jpg","471160150473658925056047","SN码采集 / 激活照片","img_002","C:\Users\HUAWEI\Desktop\audit_robot\data\guobu_api_all_current_page2_20260708_230334\images\471160150473658925056047\img_002.jpg","https://static.jhddsz.com/approval/digital/2026/01/18/44f2dc89-1d8b-4c17-a1be-0ecdc2acae79.jpg"
"316","0316_471160150484107785011263_img_001.jpg","471160150484107785011263","拆封照片","img_001","C:\Users\HUAWEI\Desktop\audit_robot\data\guobu_api_all_current_page2_20260708_230334\images\471160150484107785011263\img_001.jpg","https://static.jhddsz.com/approval/digital/2026/01/18/cf1dcf46-2411-43b8-ac6e-8af709b2e577.jpg"
"317","0317_471160150484107785011263_img_002.jpg","471160150484107785011263","SN码采集 / 激活照片","img_002","C:\Users\HUAWEI\Desktop\audit_robot\data\guobu_api_all_current_page2_20260708_230334\images\471160150484107785011263\img_002.jpg","https://static.jhddsz.com/approval/digital/2026/01/18/f03cfcf0-4b0d-4ae5-ba3e-93b7692ec751.jpg"
"318","0318_471160151043900558540813_img_001.jpg","471160151043900558540813","拆封照片","img_001","C:\Users\HUAWEI\Desktop\audit_robot\data\guobu_api_all_current_page2_20260708_230334\images\471160151043900558540813\img_001.jpg","https://static.jhddsz.com/approval/digital/2026/01/18/89828939-986f-4dcd-b6dc-45e4a593530a.jpg"
"319","0319_471160151043900558540813_img_002.jpg","471160151043900558540813","SN码采集 / 激活照片","img_002","C:\Users\HUAWEI\Desktop\audit_robot\data\guobu_api_all_current_page2_20260708_230334\images\471160151043900558540813\img_002.jpg","https://static.jhddsz.com/approval/digital/2026/01/18/ae2fe26a-45f8-4a9f-a760-9f2b2d84b7f1.jpg"
"320","0320_471160151113966416691225_img_001.jpg","471160151113966416691225","拆封照片","img_001","C:\Users\HUAWEI\Desktop\audit_robot\data\guobu_api_all_current_page2_20260708_230334\images\471160151113966416691225\img_001.jpg","https://static.jhddsz.com/approval/digital/2026/01/18/92a45da7-40a8-41f1-b114-da66f523f199.jpg"
"321","0321_471160151113966416691225_img_002.jpg","471160151113966416691225","SN码采集 / 激活照片","img_002","C:\Users\HUAWEI\Desktop\audit_robot\data\guobu_api_all_current_page2_20260708_230334\images\471160151113966416691225\img_002.jpg","https://static.jhddsz.com/approval/digital/2026/01/18/4b09a324-9982-4f19-afd2-b4b8c351b990.jpg"
"322","0322_471160151514101327462410_img_001.jpg","471160151514101327462410","拆封照片","img_001","C:\Users\HUAWEI\Desktop\audit_robot\data\guobu_api_all_current_page2_20260708_230334\images\471160151514101327462410\img_001.jpg","https://static.jhddsz.com/approval/digital/2026/01/18/8b82619f-3ecf-4abc-80e2-7ed354bc0c50.jpg"
"323","0323_471160151514101327462410_img_002.jpg","471160151514101327462410","SN码采集 / 激活照片","img_002","C:\Users\HUAWEI\Desktop\audit_robot\data\guobu_api_all_current_page2_20260708_230334\images\471160151514101327462410\img_002.jpg","https://static.jhddsz.com/approval/digital/2026/01/18/d987a488-e0c2-492c-8c89-de135cc8b923.jpg"
"324","0324_471160151659111835238428_img_001.jpg","471160151659111835238428","拆封照片","img_001","C:\Users\HUAWEI\Desktop\audit_robot\data\guobu_api_all_current_page2_20260708_230334\images\471160151659111835238428\img_001.jpg","https://static.jhddsz.com/approval/digital/2026/01/18/2102f626-1630-40c6-9e36-a157be3a797e.jpg"
"325","0325_471160151659111835238428_img_002.jpg","471160151659111835238428","SN码采集 / 激活照片","img_002","C:\Users\HUAWEI\Desktop\audit_robot\data\guobu_api_all_current_page2_20260708_230334\images\471160151659111835238428\img_002.jpg","https://static.jhddsz.com/approval/digital/2026/01/18/13eac983-1b50-427b-887a-b2491d93e922.jpg"
"326","0326_471160151675649979187234_img_001.jpg","471160151675649979187234","拆封照片","img_001","C:\Users\HUAWEI\Desktop\audit_robot\data\guobu_api_all_current_page2_20260708_230334\images\471160151675649979187234\img_001.jpg","https://static.jhddsz.com/approval/digital/2026/01/18/15527b27-b834-493e-84fb-da4da4a35fad.jpg"
"327","0327_471160151675649979187234_img_002.jpg","471160151675649979187234","SN码采集 / 激活照片","img_002","C:\Users\HUAWEI\Desktop\audit_robot\data\guobu_api_all_current_page2_20260708_230334\images\471160151675649979187234\img_002.jpg","https://static.jhddsz.com/approval/digital/2026/01/18/63d11549-84dc-4362-85ec-dec1a5ccf5e3.jpg"
"328","0328_471160151983870099456058_img_001.jpg","471160151983870099456058","拆封照片","img_001","C:\Users\HUAWEI\Desktop\audit_robot\data\guobu_api_all_current_page2_20260708_230334\images\471160151983870099456058\img_001.jpg","https://static.jhddsz.com/approval/digital/2026/01/18/232953a6-cee7-4836-a3e0-4168d336abad.jpg"
"329","0329_471160151983870099456058_img_002.jpg","471160151983870099456058","SN码采集 / 激活照片","img_002","C:\Users\HUAWEI\Desktop\audit_robot\data\guobu_api_all_current_page2_20260708_230334\images\471160151983870099456058\img_002.jpg","https://static.jhddsz.com/approval/digital/2026/01/18/a1630ac9-8547-4d7c-8ff7-3d98030402ec.jpg"
"330","0330_471160152490940471705641_img_001.jpg","471160152490940471705641","拆封照片","img_001","C:\Users\HUAWEI\Desktop\audit_robot\data\guobu_api_all_current_page2_20260708_230334\images\471160152490940471705641\img_001.jpg","https://static.jhddsz.com/approval/digital/2026/01/18/79836254-2cb8-4b19-9cc4-cf55d3c6eae3.jpg"
"331","0331_471160152490940471705641_img_002.jpg","471160152490940471705641","SN码采集 / 激活照片","img_002","C:\Users\HUAWEI\Desktop\audit_robot\data\guobu_api_all_current_page2_20260708_230334\images\471160152490940471705641\img_002.jpg","https://static.jhddsz.com/approval/digital/2026/01/19/55c0c562-75df-4911-b950-e01ffa783313.jpg"
"332","0332_471160152714674706841696_img_001.jpg","471160152714674706841696","拆封照片","img_001","C:\Users\HUAWEI\Desktop\audit_robot\data\guobu_api_all_current_page2_20260708_230334\images\471160152714674706841696\img_001.jpg","https://static.jhddsz.com/approval/digital/2026/01/18/c0fa251a-90a9-470e-8f84-5b78298373b6.jpg"
"333","0333_471160152714674706841696_img_002.jpg","471160152714674706841696","SN码采集 / 激活照片","img_002","C:\Users\HUAWEI\Desktop\audit_robot\data\guobu_api_all_current_page2_20260708_230334\images\471160152714674706841696\img_002.jpg","https://static.jhddsz.com/approval/digital/2026/01/18/2bba009f-44e8-4ca4-a4f3-85f2b3d0b687.jpg"
"334","0334_471160152738306260992072_img_001.jpg","471160152738306260992072","拆封照片","img_001","C:\Users\HUAWEI\Desktop\audit_robot\data\guobu_api_all_current_page2_20260708_230334\images\471160152738306260992072\img_001.jpg","https://static.jhddsz.com/approval/digital/2026/01/18/18ad1030-c72a-4e38-9890-b072b8f54e6a.jpg"
"335","0335_471160152738306260992072_img_002.jpg","471160152738306260992072","SN码采集 / 激活照片","img_002","C:\Users\HUAWEI\Desktop\audit_robot\data\guobu_api_all_current_page2_20260708_230334\images\471160152738306260992072\img_002.jpg","https://static.jhddsz.com/approval/digital/2026/01/18/79f6bcf6-6619-4f68-8a0e-a14740dfef97.jpg"
"336","0336_471160152959580966092869_img_001.jpg","471160152959580966092869","拆封照片","img_001","C:\Users\HUAWEI\Desktop\audit_robot\data\guobu_api_all_current_page2_20260708_230334\images\471160152959580966092869\img_001.jpg","https://static.jhddsz.com/approval/digital/2026/01/18/07a48b1b-c2a2-47de-9698-6203ec40a9a3.jpg"
"337","0337_471160152959580966092869_img_002.jpg","471160152959580966092869","SN码采集 / 激活照片","img_002","C:\Users\HUAWEI\Desktop\audit_robot\data\guobu_api_all_current_page2_20260708_230334\images\471160152959580966092869\img_002.jpg","https://static.jhddsz.com/approval/digital/2026/01/18/40cf60b3-e38c-4f32-b655-0d92e13f98f5.jpg"
"338","0338_471160153200842358784047_img_001.jpg","471160153200842358784047","拆封照片","img_001","C:\Users\HUAWEI\Desktop\audit_robot\data\guobu_api_all_current_page2_20260708_230334\images\471160153200842358784047\img_001.jpg","https://static.jhddsz.com/approval/digital/2026/01/18/aeb1d481-1321-4547-87f0-e726f2d5cde6.jpg"
"339","0339_471160153200842358784047_img_002.jpg","471160153200842358784047","SN码采集 / 激活照片","img_002","C:\Users\HUAWEI\Desktop\audit_robot\data\guobu_api_all_current_page2_20260708_230334\images\471160153200842358784047\img_002.jpg","https://static.jhddsz.com/approval/digital/2026/01/18/20b7b9bb-f6f5-4a9f-9488-5a4592b743b3.jpg"
"340","0340_471160153374347306598453_img_001.png","471160153374347306598453","拆封照片","img_001","C:\Users\HUAWEI\Desktop\audit_robot\data\guobu_api_all_current_page2_20260708_230334\images\471160153374347306598453\img_001.png","https://static.jhddsz.com/approval/digital/2026/01/18/de22eebf-47f9-4187-8ee8-88bf99af3778.png"
"341","0341_471160153374347306598453_img_002.png","471160153374347306598453","SN码采集 / 激活照片","img_002","C:\Users\HUAWEI\Desktop\audit_robot\data\guobu_api_all_current_page2_20260708_230334\images\471160153374347306598453\img_002.png","https://static.jhddsz.com/approval/digital/2026/01/18/d25b78f3-fb3e-47a3-84d5-56bbb4419b38.png"
"342","0342_471160153571964456140822_img_001.jpg","471160153571964456140822","拆封照片","img_001","C:\Users\HUAWEI\Desktop\audit_robot\data\guobu_api_all_current_page2_20260708_230334\images\471160153571964456140822\img_001.jpg","https://static.jhddsz.com/approval/digital/2026/01/18/a65a5004-fea3-4cb7-bc93-a9ba1583fc9a.jpg"
"343","0343_471160153571964456140822_img_002.jpg","471160153571964456140822","SN码采集 / 激活照片","img_002","C:\Users\HUAWEI\Desktop\audit_robot\data\guobu_api_all_current_page2_20260708_230334\images\471160153571964456140822\img_002.jpg","https://static.jhddsz.com/approval/digital/2026/01/18/78e4fdc8-7338-4868-9dd8-c22f41a373a2.jpg"
"344","0344_471160153602583687987249_img_001.jpg","471160153602583687987249","拆封照片","img_001","C:\Users\HUAWEI\Desktop\audit_robot\data\guobu_api_all_current_page2_20260708_230334\images\471160153602583687987249\img_001.jpg","https://static.jhddsz.com/approval/digital/2026/01/18/8a5ea52c-1610-4927-b2c2-004934f847d9.jpg"
"345","0345_471160153602583687987249_img_002.jpg","471160153602583687987249","SN码采集 / 激活照片","img_002","C:\Users\HUAWEI\Desktop\audit_robot\data\guobu_api_all_current_page2_20260708_230334\images\471160153602583687987249\img_002.jpg","https://static.jhddsz.com/approval/digital/2026/01/18/32730953-93c1-4340-a2ad-d8accdb737da.jpg"
"346","0346_471160153696279416012841_img_001.jpg","471160153696279416012841","拆封照片","img_001","C:\Users\HUAWEI\Desktop\audit_robot\data\guobu_api_all_current_page2_20260708_230334\images\471160153696279416012841\img_001.jpg","https://static.jhddsz.com/approval/digital/2026/01/18/87f4913f-907b-4e70-99c4-933471aba494.jpg"
"347","0347_471160153696279416012841_img_002.jpg","471160153696279416012841","SN码采集 / 激活照片","img_002","C:\Users\HUAWEI\Desktop\audit_robot\data\guobu_api_all_current_page2_20260708_230334\images\471160153696279416012841\img_002.jpg","https://static.jhddsz.com/approval/digital/2026/01/18/f7a60634-49bb-4157-878f-0fb1924ae1ae.jpg"
"348","0348_471160153956697869516845_img_001.jpg","471160153956697869516845","拆封照片","img_001","C:\Users\HUAWEI\Desktop\audit_robot\data\guobu_api_all_current_page2_20260708_230334\images\471160153956697869516845\img_001.jpg","https://static.jhddsz.com/approval/digital/2026/01/18/c278792c-491a-4a34-ad97-2e8a68a7b08e.jpg"
"349","0349_471160153956697869516845_img_002.jpg","471160153956697869516845","SN码采集 / 激活照片","img_002","C:\Users\HUAWEI\Desktop\audit_robot\data\guobu_api_all_current_page2_20260708_230334\images\471160153956697869516845\img_002.jpg","https://static.jhddsz.com/approval/digital/2026/01/18/cf9892e2-dc00-4e81-bdf7-c8e7e61b29c8.jpg"
"350","0350_471160153965234136678448_img_001.jpg","471160153965234136678448","拆封照片","img_001","C:\Users\HUAWEI\Desktop\audit_robot\data\guobu_api_all_current_page2_20260708_230334\images\471160153965234136678448\img_001.jpg","https://static.jhddsz.com/approval/digital/2026/01/18/b749ec10-789f-4bad-b294-40364a8df2ee.jpg"
"351","0351_471160153965234136678448_img_002.jpg","471160153965234136678448","SN码采集 / 激活照片","img_002","C:\Users\HUAWEI\Desktop\audit_robot\data\guobu_api_all_current_page2_20260708_230334\images\471160153965234136678448\img_002.jpg","https://static.jhddsz.com/approval/digital/2026/01/18/95e9ae43-fb39-4669-8f2f-c5e194dd2522.jpg"
"352","0352_471160154461531865088092_img_001.jpg","471160154461531865088092","拆封照片","img_001","C:\Users\HUAWEI\Desktop\audit_robot\data\guobu_api_all_current_page2_20260708_230334\images\471160154461531865088092\img_001.jpg","https://static.jhddsz.com/approval/digital/2026/01/18/34bafe47-adc6-41c2-b0a2-1a32f955edd5.jpg"
"353","0353_471160154461531865088092_img_002.jpg","471160154461531865088092","SN码采集 / 激活照片","img_002","C:\Users\HUAWEI\Desktop\audit_robot\data\guobu_api_all_current_page2_20260708_230334\images\471160154461531865088092\img_002.jpg","https://static.jhddsz.com/approval/digital/2026/01/18/b596bcac-5f48-44e4-ae00-bd4425ef2741.jpg"
"354","0354_471160154959852099993640_img_001.jpg","471160154959852099993640","拆封照片","img_001","C:\Users\HUAWEI\Desktop\audit_robot\data\guobu_api_all_current_page2_20260708_230334\images\471160154959852099993640\img_001.jpg","https://static.jhddsz.com/approval/digital/2026/01/18/5b4e89f6-646b-4728-87c0-6132cc02b7f5.jpg"
"355","0355_471160154959852099993640_img_002.jpg","471160154959852099993640","SN码采集 / 激活照片","img_002","C:\Users\HUAWEI\Desktop\audit_robot\data\guobu_api_all_current_page2_20260708_230334\images\471160154959852099993640\img_002.jpg","https://static.jhddsz.com/approval/digital/2026/01/18/5aaf3f0a-7d5c-4e5d-8440-f0f6bd623ef8.jpg"
"356","0356_471160155065823707136044_img_001.jpg","471160155065823707136044","拆封照片","img_001","C:\Users\HUAWEI\Desktop\audit_robot\data\guobu_api_all_current_page2_20260708_230334\images\471160155065823707136044\img_001.jpg","https://static.jhddsz.com/approval/digital/2026/01/18/7580448f-0e58-4ebb-8bc9-0d0250c443ec.jpg"
"357","0357_471160155065823707136044_img_002.jpg","471160155065823707136044","SN码采集 / 激活照片","img_002","C:\Users\HUAWEI\Desktop\audit_robot\data\guobu_api_all_current_page2_20260708_230334\images\471160155065823707136044\img_002.jpg","https://static.jhddsz.com/approval/digital/2026/01/18/f548f722-e600-4704-b5e8-ca2d97ce052f.jpg"
"358","0358_471160155126933877555263_img_001.jpg","471160155126933877555263","拆封照片","img_001","C:\Users\HUAWEI\Desktop\audit_robot\data\guobu_api_all_current_page2_20260708_230334\images\471160155126933877555263\img_001.jpg","https://static.jhddsz.com/approval/digital/2026/01/18/d422f0de-1f7a-44b1-be98-4d2af5409b64.jpg"
"359","0359_471160155126933877555263_img_002.jpg","471160155126933877555263","SN码采集 / 激活照片","img_002","C:\Users\HUAWEI\Desktop\audit_robot\data\guobu_api_all_current_page2_20260708_230334\images\471160155126933877555263\img_002.jpg","https://static.jhddsz.com/approval/digital/2026/01/18/c89a8499-5734-45c7-b028-e3d55a3e827a.jpg"
"360","0360_471160155492821447475237_img_001.jpg","471160155492821447475237","拆封照片","img_001","C:\Users\HUAWEI\Desktop\audit_robot\data\guobu_api_all_current_page2_20260708_230334\images\471160155492821447475237\img_001.jpg","https://static.jhddsz.com/approval/digital/2026/01/18/fd806868-7999-4d5a-bf54-23c5b4eb4409.jpg"
"361","0361_471160155492821447475237_img_002.jpg","471160155492821447475237","SN码采集 / 激活照片","img_002","C:\Users\HUAWEI\Desktop\audit_robot\data\guobu_api_all_current_page2_20260708_230334\images\471160155492821447475237\img_002.jpg","https://static.jhddsz.com/approval/digital/2026/01/18/cb045a81-eb77-4e80-a480-9c169c9ce7b4.jpg"
"362","0362_471160155637506493644879_img_001.jpg","471160155637506493644879","拆封照片","img_001","C:\Users\HUAWEI\Desktop\audit_robot\data\guobu_api_all_current_page2_20260708_230334\images\471160155637506493644879\img_001.jpg","https://static.jhddsz.com/approval/digital/2026/01/18/97f69cc6-c753-4696-83e0-a2a6a320e405.jpg"
"363","0363_471160155637506493644879_img_002.jpg","471160155637506493644879","SN码采集 / 激活照片","img_002","C:\Users\HUAWEI\Desktop\audit_robot\data\guobu_api_all_current_page2_20260708_230334\images\471160155637506493644879\img_002.jpg","https://static.jhddsz.com/approval/digital/2026/01/18/c8cc6311-6d50-41ea-bde6-b2da596d536b.jpg"
"364","0364_471160155666211474636884_img_001.jpg","471160155666211474636884","拆封照片","img_001","C:\Users\HUAWEI\Desktop\audit_robot\data\guobu_api_all_current_page2_20260708_230334\images\471160155666211474636884\img_001.jpg","https://static.jhddsz.com/approval/digital/2026/01/18/59144fa9-8e85-480d-aa52-7f49fa794e0c.jpg"
"365","0365_471160155666211474636884_img_002.jpg","471160155666211474636884","SN码采集 / 激活照片","img_002","C:\Users\HUAWEI\Desktop\audit_robot\data\guobu_api_all_current_page2_20260708_230334\images\471160155666211474636884\img_002.jpg","https://static.jhddsz.com/approval/digital/2026/01/18/43b00f61-4c12-4797-9cc6-e03c5b935ec7.jpg"
"366","0366_471160155666211474636884_img_003.jpg","471160155666211474636884","SN码采集 / 激活照片","img_003","C:\Users\HUAWEI\Desktop\audit_robot\data\guobu_api_all_current_page2_20260708_230334\images\471160155666211474636884\img_003.jpg","https://static.jhddsz.com/approval/phoneSubsidy/2026/03/31/eb8c49aa-575d-4906-9c5f-686b858014d6.jpg"
"367","0367_471160155688047840460855_img_001.jpg","471160155688047840460855","拆封照片","img_001","C:\Users\HUAWEI\Desktop\audit_robot\data\guobu_api_all_current_page2_20260708_230334\images\471160155688047840460855\img_001.jpg","https://static.jhddsz.com/approval/digital/2026/01/18/eb27e2be-1af6-49ec-8990-9eaf844bb642.jpg"
"368","0368_471160155688047840460855_img_002.jpg","471160155688047840460855","SN码采集 / 激活照片","img_002","C:\Users\HUAWEI\Desktop\audit_robot\data\guobu_api_all_current_page2_20260708_230334\images\471160155688047840460855\img_002.jpg","https://static.jhddsz.com/approval/digital/2026/01/18/32c26c7f-a68e-43bd-a819-dadfe672ef8a.jpg"
"369","0369_471160155711044373708879_img_001.jpg","471160155711044373708879","拆封照片","img_001","C:\Users\HUAWEI\Desktop\audit_robot\data\guobu_api_all_current_page2_20260708_230334\images\471160155711044373708879\img_001.jpg","https://static.jhddsz.com/approval/digital/2026/01/18/4c69dc84-93cf-459f-9fac-79a52bab5fd7.jpg"
"370","0370_471160155711044373708879_img_002.jpg","471160155711044373708879","SN码采集 / 激活照片","img_002","C:\Users\HUAWEI\Desktop\audit_robot\data\guobu_api_all_current_page2_20260708_230334\images\471160155711044373708879\img_002.jpg","https://static.jhddsz.com/approval/digital/2026/01/18/001e4549-2725-40f8-94aa-40eae1a656a9.jpg"
"371","0371_471160156224903672627219_img_001.jpg","471160156224903672627219","拆封照片","img_001","C:\Users\HUAWEI\Desktop\audit_robot\data\guobu_api_all_current_page2_20260708_230334\images\471160156224903672627219\img_001.jpg","https://static.jhddsz.com/approval/digital/2026/01/18/d2dd89be-1708-4932-b2fb-2458ea0b3e70.jpg"
"372","0372_471160156224903672627219_img_002.jpg","471160156224903672627219","SN码采集 / 激活照片","img_002","C:\Users\HUAWEI\Desktop\audit_robot\data\guobu_api_all_current_page2_20260708_230334\images\471160156224903672627219\img_002.jpg","https://static.jhddsz.com/approval/digital/2026/01/18/bf1b0551-355a-4af3-9c5f-750c86bf211b.jpg"
"373","0373_471160156294337000243282_img_001.jpg","471160156294337000243282","拆封照片","img_001","C:\Users\HUAWEI\Desktop\audit_robot\data\guobu_api_all_current_page2_20260708_230334\images\471160156294337000243282\img_001.jpg","https://static.jhddsz.com/approval/digital/2026/01/18/d468a2c3-e5dd-4fa1-8cbc-2b412a031c86.jpg"
"374","0374_471160156294337000243282_img_002.jpg","471160156294337000243282","SN码采集 / 激活照片","img_002","C:\Users\HUAWEI\Desktop\audit_robot\data\guobu_api_all_current_page2_20260708_230334\images\471160156294337000243282\img_002.jpg","https://static.jhddsz.com/approval/digital/2026/01/18/ae82fc41-3475-4073-81fc-68fc9a9176aa.jpg"
"375","0375_471160156327365476352020_img_001.jpg","471160156327365476352020","拆封照片","img_001","C:\Users\HUAWEI\Desktop\audit_robot\data\guobu_api_all_current_page2_20260708_230334\images\471160156327365476352020\img_001.jpg","https://static.jhddsz.com/approval/digital/2026/01/18/fb537b5a-a596-46c2-9a6a-4d5ba7d3d3e3.jpg"
"376","0376_471160156327365476352020_img_002.jpg","471160156327365476352020","SN码采集 / 激活照片","img_002","C:\Users\HUAWEI\Desktop\audit_robot\data\guobu_api_all_current_page2_20260708_230334\images\471160156327365476352020\img_002.jpg","https://static.jhddsz.com/approval/digital/2026/01/18/d890a805-5694-4d59-a73b-34e016db1156.jpg"
"377","0377_471160156622783728844824_img_001.jpg","471160156622783728844824","拆封照片","img_001","C:\Users\HUAWEI\Desktop\audit_robot\data\guobu_api_all_current_page2_20260708_230334\images\471160156622783728844824\img_001.jpg","https://static.jhddsz.com/approval/digital/2026/01/18/77a7f5e0-0b6e-4fc2-8817-1ad2dd198b24.jpg"
"378","0378_471160156622783728844824_img_002.jpg","471160156622783728844824","SN码采集 / 激活照片","img_002","C:\Users\HUAWEI\Desktop\audit_robot\data\guobu_api_all_current_page2_20260708_230334\images\471160156622783728844824\img_002.jpg","https://static.jhddsz.com/approval/digital/2026/01/18/73644cda-fed7-46c1-9b97-e751078a73da.jpg"
"379","0379_471160156926507558502407_img_001.jpg","471160156926507558502407","拆封照片","img_001","C:\Users\HUAWEI\Desktop\audit_robot\data\guobu_api_all_current_page2_20260708_230334\images\471160156926507558502407\img_001.jpg","https://static.jhddsz.com/approval/digital/2026/01/18/6b32a1d9-8d75-4b98-9b0f-5da149fa2f3c.jpg"
"380","0380_471160156926507558502407_img_002.jpg","471160156926507558502407","SN码采集 / 激活照片","img_002","C:\Users\HUAWEI\Desktop\audit_robot\data\guobu_api_all_current_page2_20260708_230334\images\471160156926507558502407\img_002.jpg","https://static.jhddsz.com/approval/digital/2026/01/18/b91ece48-24b6-441f-987a-5b69d6d494d3.jpg"
"381","0381_471160156989248461209685_img_001.jpg","471160156989248461209685","拆封照片","img_001","C:\Users\HUAWEI\Desktop\audit_robot\data\guobu_api_all_current_page2_20260708_230334\images\471160156989248461209685\img_001.jpg","https://static.jhddsz.com/approval/digital/2026/01/18/0e23f30c-ac4c-4754-804b-110aa913c0d6.jpg"
"382","0382_471160156989248461209685_img_002.jpg","471160156989248461209685","SN码采集 / 激活照片","img_002","C:\Users\HUAWEI\Desktop\audit_robot\data\guobu_api_all_current_page2_20260708_230334\images\471160156989248461209685\img_002.jpg","https://static.jhddsz.com/approval/digital/2026/01/18/c511f8ee-d5df-447c-a556-ec9b70fb4d88.jpg"
"383","0383_471160157104961765376095_img_001.jpg","471160157104961765376095","拆封照片","img_001","C:\Users\HUAWEI\Desktop\audit_robot\data\guobu_api_all_current_page2_20260708_230334\images\471160157104961765376095\img_001.jpg","https://static.jhddsz.com/approval/digital/2026/01/18/64406537-65e7-4cf5-8773-1fff56b7a841.jpg"
"384","0384_471160157104961765376095_img_002.jpg","471160157104961765376095","SN码采集 / 激活照片","img_002","C:\Users\HUAWEI\Desktop\audit_robot\data\guobu_api_all_current_page2_20260708_230334\images\471160157104961765376095\img_002.jpg","https://static.jhddsz.com/approval/digital/2026/01/18/5c8b1ad9-0912-433f-97e4-7eb68a5a9c7e.jpg"
"385","0385_471160157487844658380897_img_001.jpg","471160157487844658380897","拆封照片","img_001","C:\Users\HUAWEI\Desktop\audit_robot\data\guobu_api_all_current_page2_20260708_230334\images\471160157487844658380897\img_001.jpg","https://static.jhddsz.com/approval/digital/2026/01/18/f3825155-0c6e-4f78-9a89-f10b924b7aa4.jpg"
"386","0386_471160157487844658380897_img_002.jpg","471160157487844658380897","SN码采集 / 激活照片","img_002","C:\Users\HUAWEI\Desktop\audit_robot\data\guobu_api_all_current_page2_20260708_230334\images\471160157487844658380897\img_002.jpg","https://static.jhddsz.com/approval/digital/2026/01/18/0dad8604-bdf9-430a-b921-10fbb082053d.jpg"
"387","0387_471160157487844658380897_img_003.jpg","471160157487844658380897","SN码采集 / 激活照片","img_003","C:\Users\HUAWEI\Desktop\audit_robot\data\guobu_api_all_current_page2_20260708_230334\images\471160157487844658380897\img_003.jpg","https://static.jhddsz.com/approval/phoneSubsidy/2026/03/31/e69881b6-2945-47a3-8091-15f257fba2da.jpg"
"388","0388_471160157826059098521661_img_001.jpg","471160157826059098521661","拆封照片","img_001","C:\Users\HUAWEI\Desktop\audit_robot\data\guobu_api_all_current_page2_20260708_230334\images\471160157826059098521661\img_001.jpg","https://static.jhddsz.com/approval/digital/2026/01/18/8cca97ee-d49e-4e2a-8198-3ba7716695cc.jpg"
"389","0389_471160157826059098521661_img_002.jpg","471160157826059098521661","SN码采集 / 激活照片","img_002","C:\Users\HUAWEI\Desktop\audit_robot\data\guobu_api_all_current_page2_20260708_230334\images\471160157826059098521661\img_002.jpg","https://static.jhddsz.com/approval/digital/2026/01/18/442604d2-909f-4b27-876b-64034ff69be6.jpg"
"390","0390_471160157837684870348830_img_001.jpg","471160157837684870348830","拆封照片","img_001","C:\Users\HUAWEI\Desktop\audit_robot\data\guobu_api_all_current_page2_20260708_230334\images\471160157837684870348830\img_001.jpg","https://static.jhddsz.com/approval/digital/2026/01/18/31806eac-b70b-4da5-ba72-e9e4a0ce9c22.jpg"
"391","0391_471160157837684870348830_img_002.jpg","471160157837684870348830","SN码采集 / 激活照片","img_002","C:\Users\HUAWEI\Desktop\audit_robot\data\guobu_api_all_current_page2_20260708_230334\images\471160157837684870348830\img_002.jpg","https://static.jhddsz.com/approval/digital/2026/01/18/df5628a0-5eef-4dd5-89aa-70bf6f98f944.jpg"
"392","0392_471160157859934807654450_img_001.jpg","471160157859934807654450","拆封照片","img_001","C:\Users\HUAWEI\Desktop\audit_robot\data\guobu_api_all_current_page2_20260708_230334\images\471160157859934807654450\img_001.jpg","https://static.jhddsz.com/approval/digital/2026/01/18/e95faadf-53dd-472a-b2f3-b5d1181fbfed.jpg"
"393","0393_471160157859934807654450_img_002.jpg","471160157859934807654450","SN码采集 / 激活照片","img_002","C:\Users\HUAWEI\Desktop\audit_robot\data\guobu_api_all_current_page2_20260708_230334\images\471160157859934807654450\img_002.jpg","https://static.jhddsz.com/approval/digital/2026/01/18/e2a21c50-bd90-4fb2-a0ab-512d2583d958.jpg"
"394","0394_471160157928338856345640_img_001.jpg","471160157928338856345640","拆封照片","img_001","C:\Users\HUAWEI\Desktop\audit_robot\data\guobu_api_all_current_page2_20260708_230334\images\471160157928338856345640\img_001.jpg","https://static.jhddsz.com/approval/digital/2026/01/18/8d603900-9fe5-423f-b67d-161fb5e23952.jpg"
"395","0395_471160157928338856345640_img_002.jpg","471160157928338856345640","SN码采集 / 激活照片","img_002","C:\Users\HUAWEI\Desktop\audit_robot\data\guobu_api_all_current_page2_20260708_230334\images\471160157928338856345640\img_002.jpg","https://static.jhddsz.com/approval/digital/2026/01/18/ce2a2501-7ed3-46a1-833e-c749d79fa61a.jpg"
"396","0396_471160158440913017241655_img_001.jpg","471160158440913017241655","拆封照片","img_001","C:\Users\HUAWEI\Desktop\audit_robot\data\guobu_api_all_current_page2_20260708_230334\images\471160158440913017241655\img_001.jpg","https://static.jhddsz.com/approval/digital/2026/01/18/d1b26861-a63b-4269-824e-5dbbc2130068.jpg"
"397","0397_471160158440913017241655_img_002.jpg","471160158440913017241655","SN码采集 / 激活照片","img_002","C:\Users\HUAWEI\Desktop\audit_robot\data\guobu_api_all_current_page2_20260708_230334\images\471160158440913017241655\img_002.jpg","https://static.jhddsz.com/approval/digital/2026/01/18/607955d8-d396-4171-865a-d7dc7d51db79.jpg"
"398","0398_471160158654798191001630_img_001.jpg","471160158654798191001630","拆封照片","img_001","C:\Users\HUAWEI\Desktop\audit_robot\data\guobu_api_all_current_page2_20260708_230334\images\471160158654798191001630\img_001.jpg","https://static.jhddsz.com/approval/digital/2026/01/18/6a0b6ee6-00f5-44d3-9e0e-e3303336fafb.jpg"
"399","0399_471160158654798191001630_img_002.jpg","471160158654798191001630","SN码采集 / 激活照片","img_002","C:\Users\HUAWEI\Desktop\audit_robot\data\guobu_api_all_current_page2_20260708_230334\images\471160158654798191001630\img_002.jpg","https://static.jhddsz.com/approval/digital/2026/01/18/92718530-c2a9-4116-8672-f31346bb7386.jpg"
"400","0400_471171672001415495680057_img_001.jpg","471171672001415495680057","拆封照片","img_001","C:\Users\HUAWEI\Desktop\audit_robot\data\guobu_api_all_current_page_20260708_203810\images\471171672001415495680057\img_001.jpg","https://static.jhddsz.com/approval/phoneSubsidy/2026/07/01/0113bd32-2521-4862-ac49-4dc5cd29bf70.jpg"
"401","0401_481171160517807702016055_img_001.jpg","481171160517807702016055","商品照片","img_001","C:\Users\guoru\Desktop\audit_robot - 副本\audit_robot - 副本\data\guobu_api_all_20260723_204824\images\481171160517807702016055\img_001.jpg","https://static.jhddsz.com/approval/phoneSubsidy/2026/07/23/27caaa91-6c6c-45f9-81e2-45308d9dc431.jpg"
"402","0402_481171160517807702016055_img_002.jpg","481171160517807702016055","拆封照片","img_002","C:\Users\guoru\Desktop\audit_robot - 副本\audit_robot - 副本\data\guobu_api_all_20260723_204824\images\481171160517807702016055\img_002.jpg","https://static.jhddsz.com/approval/phoneSubsidy/2026/07/23/0de5f8b4-7137-4c24-b00a-53ee3bb21983.jpg"
"403","0403_481171160517807702016055_img_003.jpg","481171160517807702016055","SN码采集 / 激活照片","img_003","C:\Users\guoru\Desktop\audit_robot - 副本\audit_robot - 副本\data\guobu_api_all_20260723_204824\images\481171160517807702016055\img_003.jpg","https://static.jhddsz.com/approval/phoneSubsidy/2026/07/23/ca8524ab-52c7-4097-92b7-f05f3fecad42.jpg"
"404","0404_481172767149348932812891_img_001.jpg","481172767149348932812891","商品照片","img_001","C:\Users\guoru\Desktop\audit_robot - 副本\audit_robot - 副本\data\guobu_api_all_20260723_204824\images\481172767149348932812891\img_001.jpg","https://static.jhddsz.com/approval/phoneSubsidy/2026/07/23/5e1a145d-b5f9-498e-9619-9420081158d5.jpg"
"405","0405_481172767149348932812891_img_002.jpg","481172767149348932812891","拆封照片","img_002","C:\Users\guoru\Desktop\audit_robot - 副本\audit_robot - 副本\data\guobu_api_all_20260723_204824\images\481172767149348932812891\img_002.jpg","https://static.jhddsz.com/approval/phoneSubsidy/2026/07/23/e69023b2-fc7a-440d-8bc1-3185abe77b99.jpg"
"406","0406_481172767149348932812891_img_003.jpg","481172767149348932812891","SN码采集 / 激活照片","img_003","C:\Users\guoru\Desktop\audit_robot - 副本\audit_robot - 副本\data\guobu_api_all_20260723_204824\images\481172767149348932812891\img_003.jpg","https://static.jhddsz.com/approval/phoneSubsidy/2026/07/23/469eafb9-7d0b-4339-927d-64c52898ee4f.jpg"
"407","0407_481173180143967787417677_img_001.jpg","481173180143967787417677","商品照片","img_001","C:\Users\guoru\Desktop\audit_robot - 副本\audit_robot - 副本\data\guobu_api_all_20260723_204824\images\481173180143967787417677\img_001.jpg","https://static.jhddsz.com/approval/phoneSubsidy/2026/07/23/78f2ff97-6f99-42c9-ab87-af7b93590c1c.jpg"
"408","0408_481173180143967787417677_img_002.jpg","481173180143967787417677","拆封照片","img_002","C:\Users\guoru\Desktop\audit_robot - 副本\audit_robot - 副本\data\guobu_api_all_20260723_204824\images\481173180143967787417677\img_002.jpg","https://static.jhddsz.com/approval/phoneSubsidy/2026/07/23/9eaabd51-9082-4e8b-9065-a28f0929a380.jpg"
"409","0409_481173180143967787417677_img_003.jpg","481173180143967787417677","SN码采集 / 激活照片","img_003","C:\Users\guoru\Desktop\audit_robot - 副本\audit_robot - 副本\data\guobu_api_all_20260723_204824\images\481173180143967787417677\img_003.jpg","https://static.jhddsz.com/approval/phoneSubsidy/2026/07/23/35402f45-7f90-4718-b724-e6a431f2cfa6.jpg"
"410","0410_481173193202559981977649_img_001.jpg","481173193202559981977649","商品照片","img_001","C:\Users\guoru\Desktop\audit_robot - 副本\audit_robot - 副本\data\guobu_api_all_20260723_204824\images\481173193202559981977649\img_001.jpg","https://static.jhddsz.com/approval/phoneSubsidy/2026/07/18/04b6b521-86d1-4e93-86c4-526e6f5cef7b.jpg"
"411","0411_481173193202559981977649_img_002.jpg","481173193202559981977649","拆封照片","img_002","C:\Users\guoru\Desktop\audit_robot - 副本\audit_robot - 副本\data\guobu_api_all_20260723_204824\images\481173193202559981977649\img_002.jpg","https://static.jhddsz.com/approval/phoneSubsidy/2026/07/18/59e3eb4a-8db5-49de-9dff-34a7fec762d5.jpg"
"412","0412_481173193202559981977649_img_003.jpg","481173193202559981977649","SN码采集 / 激活照片","img_003","C:\Users\guoru\Desktop\audit_robot - 副本\audit_robot - 副本\data\guobu_api_all_20260723_204824\images\481173193202559981977649\img_003.jpg","https://static.jhddsz.com/approval/phoneSubsidy/2026/07/18/350732c6-544a-46c4-ab2c-30821dcf3bbc.jpg"
"413","0413_481173268199678387814481_img_001.jpg","481173268199678387814481","商品照片","img_001","C:\Users\guoru\Desktop\audit_robot - 副本\audit_robot - 副本\data\guobu_api_all_20260723_204824\images\481173268199678387814481\img_001.jpg","https://static.jhddsz.com/approval/phoneSubsidy/2026/07/23/aff56ca9-6261-46a4-bad1-5af13293c62d.jpg"
"414","0414_481173268199678387814481_img_002.jpg","481173268199678387814481","拆封照片","img_002","C:\Users\guoru\Desktop\audit_robot - 副本\audit_robot - 副本\data\guobu_api_all_20260723_204824\images\481173268199678387814481\img_002.jpg","https://static.jhddsz.com/approval/phoneSubsidy/2026/07/23/5b08b348-0ea4-4c4e-97ef-96d262462ffe.jpg"
"415","0415_481173268199678387814481_img_003.jpg","481173268199678387814481","SN码采集 / 激活照片","img_003","C:\Users\guoru\Desktop\audit_robot - 副本\audit_robot - 副本\data\guobu_api_all_20260723_204824\images\481173268199678387814481\img_003.jpg","https://static.jhddsz.com/approval/phoneSubsidy/2026/07/23/69601d60-cbca-4d56-bebc-4d79dcf399b8.jpg"
"416","0416_481173268222929099161632_img_001.jpg","481173268222929099161632","商品照片","img_001","C:\Users\guoru\Desktop\audit_robot - 副本\audit_robot - 副本\data\guobu_api_all_20260723_204824\images\481173268222929099161632\img_001.jpg","https://static.jhddsz.com/approval/phoneSubsidy/2026/07/23/e782e8b3-2b67-42ed-8373-17d21247e55f.jpg"
"417","0417_481173268222929099161632_img_002.jpg","481173268222929099161632","拆封照片","img_002","C:\Users\guoru\Desktop\audit_robot - 副本\audit_robot - 副本\data\guobu_api_all_20260723_204824\images\481173268222929099161632\img_002.jpg","https://static.jhddsz.com/approval/phoneSubsidy/2026/07/23/51b2df93-31b4-46f8-8f73-7b62f7847900.jpg"
"418","0418_481173268222929099161632_img_003.jpg","481173268222929099161632","SN码采集 / 激活照片","img_003","C:\Users\guoru\Desktop\audit_robot - 副本\audit_robot - 副本\data\guobu_api_all_20260723_204824\images\481173268222929099161632\img_003.jpg","https://static.jhddsz.com/approval/phoneSubsidy/2026/07/23/0b7af624-782c-485c-8563-523526aef935.jpg"
"419","0419_481173341235296944128067_img_001.jpg","481173341235296944128067","商品照片","img_001","C:\Users\guoru\Desktop\audit_robot - 副本\audit_robot - 副本\data\guobu_api_all_20260723_204824\images\481173341235296944128067\img_001.jpg","https://static.jhddsz.com/approval/phoneSubsidy/2026/07/19/1a7d2814-a6e2-4661-b8dd-574283637945.jpg"
"420","0420_481173341235296944128067_img_002.jpg","481173341235296944128067","拆封照片","img_002","C:\Users\guoru\Desktop\audit_robot - 副本\audit_robot - 副本\data\guobu_api_all_20260723_204824\images\481173341235296944128067\img_002.jpg","https://static.jhddsz.com/approval/phoneSubsidy/2026/07/19/202f00c6-b241-4dd0-a94a-582e733726b2.jpg"
"421","0421_481173341235296944128067_img_003.jpg","481173341235296944128067","SN码采集 / 激活照片","img_003","C:\Users\guoru\Desktop\audit_robot - 副本\audit_robot - 副本\data\guobu_api_all_20260723_204824\images\481173341235296944128067\img_003.jpg","https://static.jhddsz.com/approval/phoneSubsidy/2026/07/19/a49d4e51-568e-4d11-b048-a5eabc5cd776.jpg"
"422","0422_481173412265340223488032_img_001.jpg","481173412265340223488032","商品照片","img_001","C:\Users\guoru\Desktop\audit_robot - 副本\audit_robot - 副本\data\guobu_api_all_20260723_204824\images\481173412265340223488032\img_001.jpg","https://static.jhddsz.com/approval/phoneSubsidy/2026/07/23/77588b38-c461-4ea5-b093-2724d2f35cd2.jpg"
"423","0423_481173412265340223488032_img_002.jpg","481173412265340223488032","拆封照片","img_002","C:\Users\guoru\Desktop\audit_robot - 副本\audit_robot - 副本\data\guobu_api_all_20260723_204824\images\481173412265340223488032\img_002.jpg","https://static.jhddsz.com/approval/phoneSubsidy/2026/07/23/531d57cb-e9d0-49a1-893c-5d3c01292a3a.jpg"
"424","0424_481173412265340223488032_img_003.jpg","481173412265340223488032","SN码采集 / 激活照片","img_003","C:\Users\guoru\Desktop\audit_robot - 副本\audit_robot - 副本\data\guobu_api_all_20260723_204824\images\481173412265340223488032\img_003.jpg","https://static.jhddsz.com/approval/phoneSubsidy/2026/07/23/362e6071-f9e1-4e25-abe6-3ddad48944a6.jpg"
"425","0425_481173478910575086796862_img_001.jpg","481173478910575086796862","商品照片","img_001","C:\Users\guoru\Desktop\audit_robot - 副本\audit_robot - 副本\data\guobu_api_all_20260723_204824\images\481173478910575086796862\img_001.jpg","https://static.jhddsz.com/approval/phoneSubsidy/2026/07/23/1cfe1673-075b-4852-895b-e44d1926a7ba.jpg"
"426","0426_481173478910575086796862_img_002.jpg","481173478910575086796862","拆封照片","img_002","C:\Users\guoru\Desktop\audit_robot - 副本\audit_robot - 副本\data\guobu_api_all_20260723_204824\images\481173478910575086796862\img_002.jpg","https://static.jhddsz.com/approval/phoneSubsidy/2026/07/23/7718314b-442f-4a28-9a96-00ff6fbe29bc.jpg"
"427","0427_481173478910575086796862_img_003.jpg","481173478910575086796862","SN码采集 / 激活照片","img_003","C:\Users\guoru\Desktop\audit_robot - 副本\audit_robot - 副本\data\guobu_api_all_20260723_204824\images\481173478910575086796862\img_003.jpg","https://static.jhddsz.com/approval/phoneSubsidy/2026/07/23/f4c3a4c9-4498-493d-b18c-a783ce1b8dd9.jpg"
"428","0428_481173481026788540416016_img_001.jpg","481173481026788540416016","商品照片","img_001","C:\Users\guoru\Desktop\audit_robot - 副本\audit_robot - 副本\data\guobu_api_all_20260723_204824\images\481173481026788540416016\img_001.jpg","https://static.jhddsz.com/approval/phoneSubsidy/2026/07/23/57ceda43-9e18-41fc-a410-7d91c514cc47.jpg"
"429","0429_481173481026788540416016_img_002.jpg","481173481026788540416016","拆封照片","img_002","C:\Users\guoru\Desktop\audit_robot - 副本\audit_robot - 副本\data\guobu_api_all_20260723_204824\images\481173481026788540416016\img_002.jpg","https://static.jhddsz.com/approval/phoneSubsidy/2026/07/23/9a095bec-2f8c-4ddf-8a9f-4b9e6a8a4bb7.jpg"
"430","0430_481173481026788540416016_img_003.jpg","481173481026788540416016","SN码采集 / 激活照片","img_003","C:\Users\guoru\Desktop\audit_robot - 副本\audit_robot - 副本\data\guobu_api_all_20260723_204824\images\481173481026788540416016\img_003.jpg","https://static.jhddsz.com/approval/phoneSubsidy/2026/07/23/1505aac8-f178-42b2-ba86-39559c399c61.jpg"
"431","0431_481173485885819273216093_img_001.jpg","481173485885819273216093","商品照片","img_001","C:\Users\guoru\Desktop\audit_robot - 副本\audit_robot - 副本\data\guobu_api_all_20260723_204824\images\481173485885819273216093\img_001.jpg","https://static.jhddsz.com/approval/phoneSubsidy/2026/07/21/11c747eb-2e91-482a-9510-7f65a8ab0eb9.jpg"
"432","0432_481173485885819273216093_img_002.jpg","481173485885819273216093","拆封照片","img_002","C:\Users\guoru\Desktop\audit_robot - 副本\audit_robot - 副本\data\guobu_api_all_20260723_204824\images\481173485885819273216093\img_002.jpg","https://static.jhddsz.com/approval/phoneSubsidy/2026/07/21/745aeafe-1dda-4969-9f64-5e21c769048f.jpg"
"433","0433_481173485885819273216093_img_003.jpg","481173485885819273216093","SN码采集 / 激活照片","img_003","C:\Users\guoru\Desktop\audit_robot - 副本\audit_robot - 副本\data\guobu_api_all_20260723_204824\images\481173485885819273216093\img_003.jpg","https://static.jhddsz.com/approval/phoneSubsidy/2026/07/21/f2e6a64b-5fcc-4afc-aeae-fdb443936f75.jpg"
"434","0434_481173493408797556736057_img_001.jpg","481173493408797556736057","商品照片","img_001","C:\Users\guoru\Desktop\audit_robot - 副本\audit_robot - 副本\data\guobu_api_all_20260723_204824\images\481173493408797556736057\img_001.jpg","https://static.jhddsz.com/approval/phoneSubsidy/2026/07/21/e5af4ad9-c28b-4b09-bd4e-f256924e0b07.jpg"
"435","0435_481173493408797556736057_img_002.jpg","481173493408797556736057","拆封照片","img_002","C:\Users\guoru\Desktop\audit_robot - 副本\audit_robot - 副本\data\guobu_api_all_20260723_204824\images\481173493408797556736057\img_002.jpg","https://static.jhddsz.com/approval/phoneSubsidy/2026/07/21/c9759330-db60-45d0-8172-4d4406cf45ea.jpg"
"436","0436_481173493408797556736057_img_003.jpg","481173493408797556736057","SN码采集 / 激活照片","img_003","C:\Users\guoru\Desktop\audit_robot - 副本\audit_robot - 副本\data\guobu_api_all_20260723_204824\images\481173493408797556736057\img_003.jpg","https://static.jhddsz.com/approval/phoneSubsidy/2026/07/21/2dd43f9e-7da6-40db-b51f-1d809bd0d56f.jpg"
"437","0437_481173493474706027315274_img_001.jpg","481173493474706027315274","商品照片","img_001","C:\Users\guoru\Desktop\audit_robot - 副本\audit_robot - 副本\data\guobu_api_all_20260723_204824\images\481173493474706027315274\img_001.jpg","https://static.jhddsz.com/approval/phoneSubsidy/2026/07/22/70230665-67c1-4271-9727-1979d7ec9189.jpg"
"438","0438_481173493474706027315274_img_002.jpg","481173493474706027315274","拆封照片","img_002","C:\Users\guoru\Desktop\audit_robot - 副本\audit_robot - 副本\data\guobu_api_all_20260723_204824\images\481173493474706027315274\img_002.jpg","https://static.jhddsz.com/approval/phoneSubsidy/2026/07/22/7874c461-fd1e-4bd5-869a-f180052493d1.jpg"
"439","0439_481173493474706027315274_img_003.jpg","481173493474706027315274","SN码采集 / 激活照片","img_003","C:\Users\guoru\Desktop\audit_robot - 副本\audit_robot - 副本\data\guobu_api_all_20260723_204824\images\481173493474706027315274\img_003.jpg","https://static.jhddsz.com/approval/phoneSubsidy/2026/07/22/9a6a4ab4-19cf-4e0f-8989-0d2ebe8469cd.jpg"
"440","0440_481173493713757886873634_img_001.jpg","481173493713757886873634","商品照片","img_001","C:\Users\guoru\Desktop\audit_robot - 副本\audit_robot - 副本\data\guobu_api_all_20260723_204824\images\481173493713757886873634\img_001.jpg","https://static.jhddsz.com/approval/phoneSubsidy/2026/07/22/09d5e068-60c5-45a2-8499-c60ff096c833.jpg"
"441","0441_481173493713757886873634_img_002.jpg","481173493713757886873634","拆封照片","img_002","C:\Users\guoru\Desktop\audit_robot - 副本\audit_robot - 副本\data\guobu_api_all_20260723_204824\images\481173493713757886873634\img_002.jpg","https://static.jhddsz.com/approval/phoneSubsidy/2026/07/22/08ef9093-6278-4dbf-a975-ffcb830f8717.jpg"
"442","0442_481173493713757886873634_img_003.jpg","481173493713757886873634","SN码采集 / 激活照片","img_003","C:\Users\guoru\Desktop\audit_robot - 副本\audit_robot - 副本\data\guobu_api_all_20260723_204824\images\481173493713757886873634\img_003.jpg","https://static.jhddsz.com/approval/phoneSubsidy/2026/07/22/898264c8-32b2-40ae-91e0-8a3aaaaeb8c2.jpg"
"443","0443_481173494267093935718437_img_001.jpg","481173494267093935718437","商品照片","img_001","C:\Users\guoru\Desktop\audit_robot - 副本\audit_robot - 副本\data\guobu_api_all_20260723_204824\images\481173494267093935718437\img_001.jpg","https://static.jhddsz.com/approval/phoneSubsidy/2026/07/21/3bb49fb7-a35f-4fd1-9c70-2d3a972e0427.jpg"
"444","0444_481173494267093935718437_img_002.jpg","481173494267093935718437","拆封照片","img_002","C:\Users\guoru\Desktop\audit_robot - 副本\audit_robot - 副本\data\guobu_api_all_20260723_204824\images\481173494267093935718437\img_002.jpg","https://static.jhddsz.com/approval/phoneSubsidy/2026/07/21/878d6c2e-e433-402b-a004-826555c59853.jpg"
"445","0445_481173494267093935718437_img_003.jpg","481173494267093935718437","SN码采集 / 激活照片","img_003","C:\Users\guoru\Desktop\audit_robot - 副本\audit_robot - 副本\data\guobu_api_all_20260723_204824\images\481173494267093935718437\img_003.jpg","https://static.jhddsz.com/approval/phoneSubsidy/2026/07/21/be6fbc40-a410-4d3f-a1df-11b0292da248.jpg"
"446","0446_481173503730236486451245_img_001.jpg","481173503730236486451245","商品照片","img_001","C:\Users\guoru\Desktop\audit_robot - 副本\audit_robot - 副本\data\guobu_api_all_20260723_204824\images\481173503730236486451245\img_001.jpg","https://static.jhddsz.com/approval/phoneSubsidy/2026/07/21/229714a1-5aa3-47ee-b541-2e2f2f245a1c.jpg"
"447","0447_481173503730236486451245_img_002.jpg","481173503730236486451245","拆封照片","img_002","C:\Users\guoru\Desktop\audit_robot - 副本\audit_robot - 副本\data\guobu_api_all_20260723_204824\images\481173503730236486451245\img_002.jpg","https://static.jhddsz.com/approval/phoneSubsidy/2026/07/21/b2afc81e-6af1-4a20-8f14-720fed4467d2.jpg"
"448","0448_481173503730236486451245_img_003.jpg","481173503730236486451245","SN码采集 / 激活照片","img_003","C:\Users\guoru\Desktop\audit_robot - 副本\audit_robot - 副本\data\guobu_api_all_20260723_204824\images\481173503730236486451245\img_003.jpg","https://static.jhddsz.com/approval/phoneSubsidy/2026/07/21/797fe086-be91-403c-9dab-0b6d22690445.jpg"
"449","0449_481173504504057053184081_img_001.jpg","481173504504057053184081","商品照片","img_001","C:\Users\guoru\Desktop\audit_robot - 副本\audit_robot - 副本\data\guobu_api_all_20260723_204824\images\481173504504057053184081\img_001.jpg","https://static.jhddsz.com/approval/phoneSubsidy/2026/07/21/46146f0d-71c0-4013-a912-c3e5936f19bf.jpg"
"450","0450_481173504504057053184081_img_002.jpg","481173504504057053184081","拆封照片","img_002","C:\Users\guoru\Desktop\audit_robot - 副本\audit_robot - 副本\data\guobu_api_all_20260723_204824\images\481173504504057053184081\img_002.jpg","https://static.jhddsz.com/approval/phoneSubsidy/2026/07/21/87a397ff-23d7-4e0d-82dd-63da3234dae4.jpg"
"451","0451_481173504504057053184081_img_003.jpg","481173504504057053184081","SN码采集 / 激活照片","img_003","C:\Users\guoru\Desktop\audit_robot - 副本\audit_robot - 副本\data\guobu_api_all_20260723_204824\images\481173504504057053184081\img_003.jpg","https://static.jhddsz.com/approval/phoneSubsidy/2026/07/21/c6eae219-0c0b-4640-8ffb-630d6e329e2e.jpg"
"452","0452_481173540351464698675213_img_001.jpg","481173540351464698675213","商品照片","img_001","C:\Users\guoru\Desktop\audit_robot - 副本\audit_robot - 副本\data\guobu_api_all_20260723_204824\images\481173540351464698675213\img_001.jpg","https://static.jhddsz.com/approval/phoneSubsidy/2026/07/22/e54ad5bd-e63b-4b1d-8cb4-e6dd3643614e.jpg"
"453","0453_481173540351464698675213_img_002.jpg","481173540351464698675213","拆封照片","img_002","C:\Users\guoru\Desktop\audit_robot - 副本\audit_robot - 副本\data\guobu_api_all_20260723_204824\images\481173540351464698675213\img_002.jpg","https://static.jhddsz.com/approval/phoneSubsidy/2026/07/22/22011cb4-4099-4afc-b3a3-74f5d6c2b00c.jpg"
"454","0454_481173540351464698675213_img_003.jpg","481173540351464698675213","SN码采集 / 激活照片","img_003","C:\Users\guoru\Desktop\audit_robot - 副本\audit_robot - 副本\data\guobu_api_all_20260723_204824\images\481173540351464698675213\img_003.jpg","https://static.jhddsz.com/approval/phoneSubsidy/2026/07/22/4104b583-f8c7-4baf-bddc-68cf180fd343.jpg"
"455","0455_481173543420493142425698_img_001.jpg","481173543420493142425698","商品照片","img_001","C:\Users\guoru\Desktop\audit_robot - 副本\audit_robot - 副本\data\guobu_api_all_20260723_204824\images\481173543420493142425698\img_001.jpg","https://static.jhddsz.com/approval/phoneSubsidy/2026/07/22/cc4e73f8-55a5-42ef-8328-da4012bf21c9.jpg"
"456","0456_481173543420493142425698_img_002.jpg","481173543420493142425698","拆封照片","img_002","C:\Users\guoru\Desktop\audit_robot - 副本\audit_robot - 副本\data\guobu_api_all_20260723_204824\images\481173543420493142425698\img_002.jpg","https://static.jhddsz.com/approval/phoneSubsidy/2026/07/22/9ea76bc6-0be0-4fb2-b4c9-e929da739473.jpg"
"457","0457_481173543420493142425698_img_003.jpg","481173543420493142425698","SN码采集 / 激活照片","img_003","C:\Users\guoru\Desktop\audit_robot - 副本\audit_robot - 副本\data\guobu_api_all_20260723_204824\images\481173543420493142425698\img_003.jpg","https://static.jhddsz.com/approval/phoneSubsidy/2026/07/22/586f639e-882e-44af-b556-a782c1fed14f.jpg"
"458","0458_481173544137319002931262_img_001.jpg","481173544137319002931262","商品照片","img_001","C:\Users\guoru\Desktop\audit_robot - 副本\audit_robot - 副本\data\guobu_api_all_20260723_204824\images\481173544137319002931262\img_001.jpg","https://static.jhddsz.com/approval/phoneSubsidy/2026/07/22/8a8b5b16-dbfd-42c9-b70c-f3d49d5760cc.jpg"
"459","0459_481173544137319002931262_img_002.jpg","481173544137319002931262","拆封照片","img_002","C:\Users\guoru\Desktop\audit_robot - 副本\audit_robot - 副本\data\guobu_api_all_20260723_204824\images\481173544137319002931262\img_002.jpg","https://static.jhddsz.com/approval/phoneSubsidy/2026/07/22/c3cc1095-63ef-4a5f-8cbc-0a083b85eeee.jpg"
"460","0460_481173544137319002931262_img_003.jpg","481173544137319002931262","SN码采集 / 激活照片","img_003","C:\Users\guoru\Desktop\audit_robot - 副本\audit_robot - 副本\data\guobu_api_all_20260723_204824\images\481173544137319002931262\img_003.jpg","https://static.jhddsz.com/approval/phoneSubsidy/2026/07/22/4abca146-6e7e-47a8-b2fd-fb425ff9447c.jpg"
"461","0461_481173546931431771340836_img_001.jpg","481173546931431771340836","商品照片","img_001","C:\Users\guoru\Desktop\audit_robot - 副本\audit_robot - 副本\data\guobu_api_all_20260723_204824\images\481173546931431771340836\img_001.jpg","https://static.jhddsz.com/approval/phoneSubsidy/2026/07/22/25a34819-18f1-41c7-ac79-f6fd20733fe4.jpg"
"462","0462_481173546931431771340836_img_002.jpg","481173546931431771340836","拆封照片","img_002","C:\Users\guoru\Desktop\audit_robot - 副本\audit_robot - 副本\data\guobu_api_all_20260723_204824\images\481173546931431771340836\img_002.jpg","https://static.jhddsz.com/approval/phoneSubsidy/2026/07/22/6c465dbd-f6b9-46ca-b7b2-195c6a18e6ab.jpg"
"463","0463_481173546931431771340836_img_003.jpg","481173546931431771340836","SN码采集 / 激活照片","img_003","C:\Users\guoru\Desktop\audit_robot - 副本\audit_robot - 副本\data\guobu_api_all_20260723_204824\images\481173546931431771340836\img_003.jpg","https://static.jhddsz.com/approval/phoneSubsidy/2026/07/22/cd424745-6b3b-488f-9dee-aeda2bf7eb4e.jpg"
"464","0464_481173549343879689011247_img_001.jpg","481173549343879689011247","商品照片","img_001","C:\Users\guoru\Desktop\audit_robot - 副本\audit_robot - 副本\data\guobu_api_all_20260723_204824\images\481173549343879689011247\img_001.jpg","https://static.jhddsz.com/approval/phoneSubsidy/2026/07/22/335f390c-5c85-4775-ab7d-eaa62cab2546.jpg"
"465","0465_481173549343879689011247_img_002.jpg","481173549343879689011247","拆封照片","img_002","C:\Users\guoru\Desktop\audit_robot - 副本\audit_robot - 副本\data\guobu_api_all_20260723_204824\images\481173549343879689011247\img_002.jpg","https://static.jhddsz.com/approval/phoneSubsidy/2026/07/22/bcd79ec6-1493-4403-83a2-37b0731927ad.jpg"
"466","0466_481173549343879689011247_img_003.jpg","481173549343879689011247","SN码采集 / 激活照片","img_003","C:\Users\guoru\Desktop\audit_robot - 副本\audit_robot - 副本\data\guobu_api_all_20260723_204824\images\481173549343879689011247\img_003.jpg","https://static.jhddsz.com/approval/phoneSubsidy/2026/07/22/a656e574-d07c-48c2-8203-6bf90d41fcc4.jpg"
"467","0467_481173552686075582873633_img_001.jpg","481173552686075582873633","商品照片","img_001","C:\Users\guoru\Desktop\audit_robot - 副本\audit_robot - 副本\data\guobu_api_all_20260723_204824\images\481173552686075582873633\img_001.jpg","https://static.jhddsz.com/approval/phoneSubsidy/2026/07/22/9e622bca-5bb5-4ce6-b9f5-b6ad892b9d55.jpg"
"468","0468_481173552686075582873633_img_002.jpg","481173552686075582873633","拆封照片","img_002","C:\Users\guoru\Desktop\audit_robot - 副本\audit_robot - 副本\data\guobu_api_all_20260723_204824\images\481173552686075582873633\img_002.jpg","https://static.jhddsz.com/approval/phoneSubsidy/2026/07/22/07db0b36-b0bc-4cb8-8fe7-326ed7586437.jpg"
"469","0469_481173552686075582873633_img_003.jpg","481173552686075582873633","SN码采集 / 激活照片","img_003","C:\Users\guoru\Desktop\audit_robot - 副本\audit_robot - 副本\data\guobu_api_all_20260723_204824\images\481173552686075582873633\img_003.jpg","https://static.jhddsz.com/approval/phoneSubsidy/2026/07/22/a854e108-27d0-4c04-906b-e9f630d1b706.jpg"
"470","0470_481173553721396740096019_img_001.jpg","481173553721396740096019","商品照片","img_001","C:\Users\guoru\Desktop\audit_robot - 副本\audit_robot - 副本\data\guobu_api_all_20260723_204824\images\481173553721396740096019\img_001.jpg","https://static.jhddsz.com/approval/phoneSubsidy/2026/07/22/7b3eb9c2-a408-4938-8cf7-7a7c92626b48.jpg"
"471","0471_481173553721396740096019_img_002.jpg","481173553721396740096019","拆封照片","img_002","C:\Users\guoru\Desktop\audit_robot - 副本\audit_robot - 副本\data\guobu_api_all_20260723_204824\images\481173553721396740096019\img_002.jpg","https://static.jhddsz.com/approval/phoneSubsidy/2026/07/22/e831dda5-4598-4679-8f40-e7175c4fd33a.jpg"
"472","0472_481173553721396740096019_img_003.jpg","481173553721396740096019","SN码采集 / 激活照片","img_003","C:\Users\guoru\Desktop\audit_robot - 副本\audit_robot - 副本\data\guobu_api_all_20260723_204824\images\481173553721396740096019\img_003.jpg","https://static.jhddsz.com/approval/phoneSubsidy/2026/07/22/78b9c344-bced-4f9f-8572-80982f559a5b.jpg"
"473","0473_481173554916400090316849_img_001.jpg","481173554916400090316849","商品照片","img_001","C:\Users\guoru\Desktop\audit_robot - 副本\audit_robot - 副本\data\guobu_api_all_20260723_204824\images\481173554916400090316849\img_001.jpg","https://static.jhddsz.com/approval/phoneSubsidy/2026/07/22/e49d2dd2-628c-435f-8f11-15b22f08dee2.jpg"
"474","0474_481173554916400090316849_img_002.jpg","481173554916400090316849","拆封照片","img_002","C:\Users\guoru\Desktop\audit_robot - 副本\audit_robot - 副本\data\guobu_api_all_20260723_204824\images\481173554916400090316849\img_002.jpg","https://static.jhddsz.com/approval/phoneSubsidy/2026/07/22/7efdcf18-0229-4a4e-a1bd-28bc01590ffe.jpg"
"475","0475_481173554916400090316849_img_003.jpg","481173554916400090316849","SN码采集 / 激活照片","img_003","C:\Users\guoru\Desktop\audit_robot - 副本\audit_robot - 副本\data\guobu_api_all_20260723_204824\images\481173554916400090316849\img_003.jpg","https://static.jhddsz.com/approval/phoneSubsidy/2026/07/22/8a87693d-c044-4153-b405-a65ac3079a3d.jpg"
"476","0476_481173555104887953817616_img_001.jpg","481173555104887953817616","商品照片","img_001","C:\Users\guoru\Desktop\audit_robot - 副本\audit_robot - 副本\data\guobu_api_all_20260723_204824\images\481173555104887953817616\img_001.jpg","https://static.jhddsz.com/approval/phoneSubsidy/2026/07/22/fa09de4e-d428-4eaa-87f1-4268c4965bb4.jpg"
"477","0477_481173555104887953817616_img_002.jpg","481173555104887953817616","拆封照片","img_002","C:\Users\guoru\Desktop\audit_robot - 副本\audit_robot - 副本\data\guobu_api_all_20260723_204824\images\481173555104887953817616\img_002.jpg","https://static.jhddsz.com/approval/phoneSubsidy/2026/07/22/f0b2a236-336c-4cba-a6a2-2ae4306ef781.jpg"
"478","0478_481173555104887953817616_img_003.jpg","481173555104887953817616","SN码采集 / 激活照片","img_003","C:\Users\guoru\Desktop\audit_robot - 副本\audit_robot - 副本\data\guobu_api_all_20260723_204824\images\481173555104887953817616\img_003.jpg","https://static.jhddsz.com/approval/phoneSubsidy/2026/07/22/99792af3-c0fd-4d5d-9a81-17432e7015e8.jpg"
"479","0479_481173555131873266892881_img_001.jpg","481173555131873266892881","商品照片","img_001","C:\Users\guoru\Desktop\audit_robot - 副本\audit_robot - 副本\data\guobu_api_all_20260723_204824\images\481173555131873266892881\img_001.jpg","https://static.jhddsz.com/approval/phoneSubsidy/2026/07/22/8ffbfe8e-e4da-4823-bbc8-846769fd5fb4.jpg"
"480","0480_481173555131873266892881_img_002.jpg","481173555131873266892881","拆封照片","img_002","C:\Users\guoru\Desktop\audit_robot - 副本\audit_robot - 副本\data\guobu_api_all_20260723_204824\images\481173555131873266892881\img_002.jpg","https://static.jhddsz.com/approval/phoneSubsidy/2026/07/22/82f2dc25-f4bc-4a08-9814-6982d3fc7cff.jpg"
"481","0481_481173555131873266892881_img_003.jpg","481173555131873266892881","SN码采集 / 激活照片","img_003","C:\Users\guoru\Desktop\audit_robot - 副本\audit_robot - 副本\data\guobu_api_all_20260723_204824\images\481173555131873266892881\img_003.jpg","https://static.jhddsz.com/approval/phoneSubsidy/2026/07/22/b01cbf7d-7b36-4eaa-9a78-3ddfc5307aee.jpg"
"482","0482_481173555479868791193615_img_001.jpg","481173555479868791193615","商品照片","img_001","C:\Users\guoru\Desktop\audit_robot - 副本\audit_robot - 副本\data\guobu_api_all_20260723_204824\images\481173555479868791193615\img_001.jpg","https://static.jhddsz.com/approval/phoneSubsidy/2026/07/22/e1cdc5b3-b9da-4acc-a39b-faf47736838a.jpg"
"483","0483_481173555479868791193615_img_002.jpg","481173555479868791193615","拆封照片","img_002","C:\Users\guoru\Desktop\audit_robot - 副本\audit_robot - 副本\data\guobu_api_all_20260723_204824\images\481173555479868791193615\img_002.jpg","https://static.jhddsz.com/approval/phoneSubsidy/2026/07/22/7abf70d9-4905-4261-9fa7-4e4875a20f86.jpg"
"484","0484_481173555479868791193615_img_003.jpg","481173555479868791193615","SN码采集 / 激活照片","img_003","C:\Users\guoru\Desktop\audit_robot - 副本\audit_robot - 副本\data\guobu_api_all_20260723_204824\images\481173555479868791193615\img_003.jpg","https://static.jhddsz.com/approval/phoneSubsidy/2026/07/22/d2e36c3f-7cde-4e53-b191-c8bf355cb3b8.jpg"
"485","0485_481173555910409063628823_img_001.jpg","481173555910409063628823","商品照片","img_001","C:\Users\guoru\Desktop\audit_robot - 副本\audit_robot - 副本\data\guobu_api_all_20260723_204824\images\481173555910409063628823\img_001.jpg","https://static.jhddsz.com/approval/phoneSubsidy/2026/07/22/54642953-382d-4068-831b-b62d7338a4a3.jpg"
"486","0486_481173555910409063628823_img_002.jpg","481173555910409063628823","拆封照片","img_002","C:\Users\guoru\Desktop\audit_robot - 副本\audit_robot - 副本\data\guobu_api_all_20260723_204824\images\481173555910409063628823\img_002.jpg","https://static.jhddsz.com/approval/phoneSubsidy/2026/07/22/3a56092c-235b-4b8c-b66f-fe30b4432ac7.jpg"
"487","0487_481173555910409063628823_img_003.jpg","481173555910409063628823","SN码采集 / 激活照片","img_003","C:\Users\guoru\Desktop\audit_robot - 副本\audit_robot - 副本\data\guobu_api_all_20260723_204824\images\481173555910409063628823\img_003.jpg","https://static.jhddsz.com/approval/phoneSubsidy/2026/07/22/aef5462b-718c-430f-a788-6960c25fbe38.jpg"
"488","0488_481173557470110466048094_img_001.jpg","481173557470110466048094","商品照片","img_001","C:\Users\guoru\Desktop\audit_robot - 副本\audit_robot - 副本\data\guobu_api_all_20260723_204824\images\481173557470110466048094\img_001.jpg","https://static.jhddsz.com/approval/phoneSubsidy/2026/07/22/fbd3d31c-72cb-426d-9da8-01293a4bb257.jpg"
"489","0489_481173557470110466048094_img_002.jpg","481173557470110466048094","拆封照片","img_002","C:\Users\guoru\Desktop\audit_robot - 副本\audit_robot - 副本\data\guobu_api_all_20260723_204824\images\481173557470110466048094\img_002.jpg","https://static.jhddsz.com/approval/phoneSubsidy/2026/07/22/baef14ca-96c1-4e54-9734-2ce19a61d570.jpg"
"490","0490_481173557470110466048094_img_003.jpg","481173557470110466048094","SN码采集 / 激活照片","img_003","C:\Users\guoru\Desktop\audit_robot - 副本\audit_robot - 副本\data\guobu_api_all_20260723_204824\images\481173557470110466048094\img_003.jpg","https://static.jhddsz.com/approval/phoneSubsidy/2026/07/22/6c96d6d6-2f07-4834-9b70-03c160de5ce7.jpg"
"491","0491_481173557763414792601617_img_001.jpg","481173557763414792601617","商品照片","img_001","C:\Users\guoru\Desktop\audit_robot - 副本\audit_robot - 副本\data\guobu_api_all_20260723_204824\images\481173557763414792601617\img_001.jpg","https://static.jhddsz.com/approval/phoneSubsidy/2026/07/23/1fe32970-60ed-439b-aff4-e4de827face5.jpg"
"492","0492_481173557763414792601617_img_002.jpg","481173557763414792601617","拆封照片","img_002","C:\Users\guoru\Desktop\audit_robot - 副本\audit_robot - 副本\data\guobu_api_all_20260723_204824\images\481173557763414792601617\img_002.jpg","https://static.jhddsz.com/approval/phoneSubsidy/2026/07/23/8dc3ee62-bed1-4079-8726-49ec4da880c1.jpg"
"493","0493_481173557763414792601617_img_003.jpg","481173557763414792601617","SN码采集 / 激活照片","img_003","C:\Users\guoru\Desktop\audit_robot - 副本\audit_robot - 副本\data\guobu_api_all_20260723_204824\images\481173557763414792601617\img_003.jpg","https://static.jhddsz.com/approval/phoneSubsidy/2026/07/23/295721b8-4321-4a27-867b-1f87b11670bf.jpg"
"494","0494_481173558439733759180857_img_001.jpg","481173558439733759180857","商品照片","img_001","C:\Users\guoru\Desktop\audit_robot - 副本\audit_robot - 副本\data\guobu_api_all_20260723_204824\images\481173558439733759180857\img_001.jpg","https://static.jhddsz.com/approval/phoneSubsidy/2026/07/22/7a85b56a-11bc-4f49-9766-70794d16497d.jpg"
"495","0495_481173558439733759180857_img_002.jpg","481173558439733759180857","拆封照片","img_002","C:\Users\guoru\Desktop\audit_robot - 副本\audit_robot - 副本\data\guobu_api_all_20260723_204824\images\481173558439733759180857\img_002.jpg","https://static.jhddsz.com/approval/phoneSubsidy/2026/07/22/75dd8c7d-1c99-420e-bc8d-a1109876d4e6.jpg"
"496","0496_481173558439733759180857_img_003.jpg","481173558439733759180857","SN码采集 / 激活照片","img_003","C:\Users\guoru\Desktop\audit_robot - 副本\audit_robot - 副本\data\guobu_api_all_20260723_204824\images\481173558439733759180857\img_003.jpg","https://static.jhddsz.com/approval/phoneSubsidy/2026/07/22/b9a394b1-41dd-408b-98b3-2c30302239f4.jpg"
"497","0497_481173560237116338995266_img_001.jpg","481173560237116338995266","商品照片","img_001","C:\Users\guoru\Desktop\audit_robot - 副本\audit_robot - 副本\data\guobu_api_all_20260723_204824\images\481173560237116338995266\img_001.jpg","https://static.jhddsz.com/approval/phoneSubsidy/2026/07/22/87c0ecba-5789-4013-afcf-ed07fa023156.jpg"
"498","0498_481173560237116338995266_img_002.jpg","481173560237116338995266","拆封照片","img_002","C:\Users\guoru\Desktop\audit_robot - 副本\audit_robot - 副本\data\guobu_api_all_20260723_204824\images\481173560237116338995266\img_002.jpg","https://static.jhddsz.com/approval/phoneSubsidy/2026/07/22/fcddd424-0a64-4df5-8c9e-fe123687d49b.jpg"
"499","0499_481173560237116338995266_img_003.jpg","481173560237116338995266","SN码采集 / 激活照片","img_003","C:\Users\guoru\Desktop\audit_robot - 副本\audit_robot - 副本\data\guobu_api_all_20260723_204824\images\481173560237116338995266\img_003.jpg","https://static.jhddsz.com/approval/phoneSubsidy/2026/07/22/6294b975-feec-4a98-b2f1-9365c854b73b.jpg"
"500","0500_481173562040109196902408_img_001.jpg","481173562040109196902408","商品照片","img_001","C:\Users\guoru\Desktop\audit_robot - 副本\audit_robot - 副本\data\guobu_api_all_20260723_204824\images\481173562040109196902408\img_001.jpg","https://static.jhddsz.com/approval/phoneSubsidy/2026/07/22/3232d4f0-d8e2-4dd3-888b-ed065910c1c9.jpg"
"501","0501_481173562040109196902408_img_002.jpg","481173562040109196902408","拆封照片","img_002","C:\Users\guoru\Desktop\audit_robot - 副本\audit_robot - 副本\data\guobu_api_all_20260723_204824\images\481173562040109196902408\img_002.jpg","https://static.jhddsz.com/approval/phoneSubsidy/2026/07/22/469c9f25-4e52-467d-8a6c-8f3567afa3d6.jpg"
"502","0502_481173562040109196902408_img_003.jpg","481173562040109196902408","SN码采集 / 激活照片","img_003","C:\Users\guoru\Desktop\audit_robot - 副本\audit_robot - 副本\data\guobu_api_all_20260723_204824\images\481173562040109196902408\img_003.jpg","https://static.jhddsz.com/approval/phoneSubsidy/2026/07/22/f6d59b1a-d650-4f6f-96a1-c997a41a15d8.jpg"
"503","0503_481173562463389148774401_img_001.jpg","481173562463389148774401","商品照片","img_001","C:\Users\guoru\Desktop\audit_robot - 副本\audit_robot - 副本\data\guobu_api_all_20260723_204824\images\481173562463389148774401\img_001.jpg","https://static.jhddsz.com/approval/phoneSubsidy/2026/07/23/8e0ec451-06b2-47e7-93e9-6470603a6e36.jpg"
"504","0504_481173562463389148774401_img_002.jpg","481173562463389148774401","拆封照片","img_002","C:\Users\guoru\Desktop\audit_robot - 副本\audit_robot - 副本\data\guobu_api_all_20260723_204824\images\481173562463389148774401\img_002.jpg","https://static.jhddsz.com/approval/phoneSubsidy/2026/07/23/b6f91a5a-aed5-4879-bded-10ab2492f71e.jpg"
"505","0505_481173562463389148774401_img_003.jpg","481173562463389148774401","SN码采集 / 激活照片","img_003","C:\Users\guoru\Desktop\audit_robot - 副本\audit_robot - 副本\data\guobu_api_all_20260723_204824\images\481173562463389148774401\img_003.jpg","https://static.jhddsz.com/approval/phoneSubsidy/2026/07/23/fd7fc06b-a6c4-4dc7-9478-a65ecea1d576.jpg"
"506","0506_481173562740509314252877_img_001.jpg","481173562740509314252877","商品照片","img_001","C:\Users\guoru\Desktop\audit_robot - 副本\audit_robot - 副本\data\guobu_api_all_20260723_204824\images\481173562740509314252877\img_001.jpg","https://static.jhddsz.com/approval/phoneSubsidy/2026/07/22/ad58343d-7618-40c5-a271-1bead8b61073.jpg"
"507","0507_481173562740509314252877_img_002.jpg","481173562740509314252877","拆封照片","img_002","C:\Users\guoru\Desktop\audit_robot - 副本\audit_robot - 副本\data\guobu_api_all_20260723_204824\images\481173562740509314252877\img_002.jpg","https://static.jhddsz.com/approval/phoneSubsidy/2026/07/22/5a4b0224-811e-426d-ab63-6b098f679efb.jpg"
"508","0508_481173562740509314252877_img_003.jpg","481173562740509314252877","SN码采集 / 激活照片","img_003","C:\Users\guoru\Desktop\audit_robot - 副本\audit_robot - 副本\data\guobu_api_all_20260723_204824\images\481173562740509314252877\img_003.jpg","https://static.jhddsz.com/approval/phoneSubsidy/2026/07/22/cf17d5d3-33f6-4285-a4e7-083f9e73befa.jpg"
"509","0509_481173563412008176844837_img_001.jpg","481173563412008176844837","商品照片","img_001","C:\Users\guoru\Desktop\audit_robot - 副本\audit_robot - 副本\data\guobu_api_all_20260723_204824\images\481173563412008176844837\img_001.jpg","https://static.jhddsz.com/approval/phoneSubsidy/2026/07/22/0220b899-d40e-4017-b3f2-83bdb908edbd.jpg"
"510","0510_481173563412008176844837_img_002.jpg","481173563412008176844837","拆封照片","img_002","C:\Users\guoru\Desktop\audit_robot - 副本\audit_robot - 副本\data\guobu_api_all_20260723_204824\images\481173563412008176844837\img_002.jpg","https://static.jhddsz.com/approval/phoneSubsidy/2026/07/22/809fa81d-9b1d-4aaa-a8b6-d5d8fa658d0e.jpg"
"511","0511_481173563412008176844837_img_003.jpg","481173563412008176844837","SN码采集 / 激活照片","img_003","C:\Users\guoru\Desktop\audit_robot - 副本\audit_robot - 副本\data\guobu_api_all_20260723_204824\images\481173563412008176844837\img_003.jpg","https://static.jhddsz.com/approval/phoneSubsidy/2026/07/22/8647bcca-281c-4ef5-86c7-e37253f824a4.jpg"
"512","0512_481173563557251891200015_img_001.jpg","481173563557251891200015","商品照片","img_001","C:\Users\guoru\Desktop\audit_robot - 副本\audit_robot - 副本\data\guobu_api_all_20260723_204824\images\481173563557251891200015\img_001.jpg","https://static.jhddsz.com/approval/phoneSubsidy/2026/07/23/5b3e66d4-3896-491d-bd38-9dd3831899fd.jpg"
"513","0513_481173563557251891200015_img_002.jpg","481173563557251891200015","拆封照片","img_002","C:\Users\guoru\Desktop\audit_robot - 副本\audit_robot - 副本\data\guobu_api_all_20260723_204824\images\481173563557251891200015\img_002.jpg","https://static.jhddsz.com/approval/phoneSubsidy/2026/07/23/dd94d2c7-46a3-438f-a8e2-dc543ff6096a.jpg"
"514","0514_481173563557251891200015_img_003.jpg","481173563557251891200015","SN码采集 / 激活照片","img_003","C:\Users\guoru\Desktop\audit_robot - 副本\audit_robot - 副本\data\guobu_api_all_20260723_204824\images\481173563557251891200015\img_003.jpg","https://static.jhddsz.com/approval/phoneSubsidy/2026/07/23/e0f40fdc-8942-4c5b-ad7a-4e6c75b7022f.jpg"
"515","0515_481173563611649477836878_img_001.jpg","481173563611649477836878","商品照片","img_001","C:\Users\guoru\Desktop\audit_robot - 副本\audit_robot - 副本\data\guobu_api_all_20260723_204824\images\481173563611649477836878\img_001.jpg","https://static.jhddsz.com/approval/phoneSubsidy/2026/07/22/6dde9d07-2207-414c-9b30-0c2585ca6bfc.jpg"
"516","0516_481173563611649477836878_img_002.jpg","481173563611649477836878","拆封照片","img_002","C:\Users\guoru\Desktop\audit_robot - 副本\audit_robot - 副本\data\guobu_api_all_20260723_204824\images\481173563611649477836878\img_002.jpg","https://static.jhddsz.com/approval/phoneSubsidy/2026/07/22/222c267c-cc35-4af6-8d8f-25e1427e05d6.jpg"
"517","0517_481173563611649477836878_img_003.jpg","481173563611649477836878","SN码采集 / 激活照片","img_003","C:\Users\guoru\Desktop\audit_robot - 副本\audit_robot - 副本\data\guobu_api_all_20260723_204824\images\481173563611649477836878\img_003.jpg","https://static.jhddsz.com/approval/phoneSubsidy/2026/07/22/74ced8ee-efe5-4c5c-bea7-60d3db474e55.jpg"
"518","0518_481173564803673207603256_img_001.jpg","481173564803673207603256","商品照片","img_001","C:\Users\guoru\Desktop\audit_robot - 副本\audit_robot - 副本\data\guobu_api_all_20260723_204824\images\481173564803673207603256\img_001.jpg","https://static.jhddsz.com/approval/phoneSubsidy/2026/07/22/d7f4f105-38c3-4f17-a6ec-efa9b5db5a17.jpg"
"519","0519_481173564803673207603256_img_002.jpg","481173564803673207603256","拆封照片","img_002","C:\Users\guoru\Desktop\audit_robot - 副本\audit_robot - 副本\data\guobu_api_all_20260723_204824\images\481173564803673207603256\img_002.jpg","https://static.jhddsz.com/approval/phoneSubsidy/2026/07/22/d4d956c3-ba3b-4de8-9f16-27b6723af869.jpg"
"520","0520_481173564803673207603256_img_003.jpg","481173564803673207603256","SN码采集 / 激活照片","img_003","C:\Users\guoru\Desktop\audit_robot - 副本\audit_robot - 副本\data\guobu_api_all_20260723_204824\images\481173564803673207603256\img_003.jpg","https://static.jhddsz.com/approval/phoneSubsidy/2026/07/22/ff749974-6782-4a19-be58-8de2e3461ed5.jpg"
"521","0521_481173565307979526963280_img_001.jpg","481173565307979526963280","商品照片","img_001","C:\Users\guoru\Desktop\audit_robot - 副本\audit_robot - 副本\data\guobu_api_all_20260723_204824\images\481173565307979526963280\img_001.jpg","https://static.jhddsz.com/approval/phoneSubsidy/2026/07/22/32a3c559-3988-4ef9-ac7c-99847d0803a8.jpg"
"522","0522_481173565307979526963280_img_002.jpg","481173565307979526963280","拆封照片","img_002","C:\Users\guoru\Desktop\audit_robot - 副本\audit_robot - 副本\data\guobu_api_all_20260723_204824\images\481173565307979526963280\img_002.jpg","https://static.jhddsz.com/approval/phoneSubsidy/2026/07/22/813d48da-1fc9-442d-b3a8-2639541e03f0.jpg"
"523","0523_481173565307979526963280_img_003.jpg","481173565307979526963280","SN码采集 / 激活照片","img_003","C:\Users\guoru\Desktop\audit_robot - 副本\audit_robot - 副本\data\guobu_api_all_20260723_204824\images\481173565307979526963280\img_003.jpg","https://static.jhddsz.com/approval/phoneSubsidy/2026/07/22/96f77dcb-4764-4068-9c60-b4b1237ae8c4.jpg"
"524","0524_481173565432363286528084_img_001.jpg","481173565432363286528084","商品照片","img_001","C:\Users\guoru\Desktop\audit_robot - 副本\audit_robot - 副本\data\guobu_api_all_20260723_204824\images\481173565432363286528084\img_001.jpg","https://static.jhddsz.com/approval/phoneSubsidy/2026/07/22/1f94bcce-f71c-4162-8f1d-2b1c0940d2b9.jpg"
"525","0525_481173565432363286528084_img_002.jpg","481173565432363286528084","拆封照片","img_002","C:\Users\guoru\Desktop\audit_robot - 副本\audit_robot - 副本\data\guobu_api_all_20260723_204824\images\481173565432363286528084\img_002.jpg","https://static.jhddsz.com/approval/phoneSubsidy/2026/07/22/577382c9-91b9-4214-90bf-fc43b0ae1159.jpg"
"526","0526_481173565432363286528084_img_003.jpg","481173565432363286528084","SN码采集 / 激活照片","img_003","C:\Users\guoru\Desktop\audit_robot - 副本\audit_robot - 副本\data\guobu_api_all_20260723_204824\images\481173565432363286528084\img_003.jpg","https://static.jhddsz.com/approval/phoneSubsidy/2026/07/22/382723af-d911-49e8-9311-d658bb6d8ea7.jpg"
"527","0527_481173567186589830348877_img_001.jpg","481173567186589830348877","商品照片","img_001","C:\Users\guoru\Desktop\audit_robot - 副本\audit_robot - 副本\data\guobu_api_all_20260723_204824\images\481173567186589830348877\img_001.jpg","https://static.jhddsz.com/approval/phoneSubsidy/2026/07/22/71c3d1b2-611f-4ecc-a614-9345ee93daff.jpg"
"528","0528_481173567186589830348877_img_002.jpg","481173567186589830348877","拆封照片","img_002","C:\Users\guoru\Desktop\audit_robot - 副本\audit_robot - 副本\data\guobu_api_all_20260723_204824\images\481173567186589830348877\img_002.jpg","https://static.jhddsz.com/approval/phoneSubsidy/2026/07/22/f39c4b3f-5e2f-4217-8043-679ca22fbd5d.jpg"
"529","0529_481173567186589830348877_img_003.jpg","481173567186589830348877","SN码采集 / 激活照片","img_003","C:\Users\guoru\Desktop\audit_robot - 副本\audit_robot - 副本\data\guobu_api_all_20260723_204824\images\481173567186589830348877\img_003.jpg","https://static.jhddsz.com/approval/phoneSubsidy/2026/07/22/e54e6ddb-2966-4dfa-9ad0-a4d3fb26c217.jpg"
"530","0530_481173567524675885465645_img_001.jpg","481173567524675885465645","商品照片","img_001","C:\Users\guoru\Desktop\audit_robot - 副本\audit_robot - 副本\data\guobu_api_all_20260723_204824\images\481173567524675885465645\img_001.jpg","https://static.jhddsz.com/approval/phoneSubsidy/2026/07/22/575ee4a6-aacb-4ff7-b031-25060d3ca438.jpg"
"531","0531_481173567524675885465645_img_002.jpg","481173567524675885465645","拆封照片","img_002","C:\Users\guoru\Desktop\audit_robot - 副本\audit_robot - 副本\data\guobu_api_all_20260723_204824\images\481173567524675885465645\img_002.jpg","https://static.jhddsz.com/approval/phoneSubsidy/2026/07/22/765dccd5-97d6-42d6-804e-0997bd1c2b1b.jpg"
"532","0532_481173567524675885465645_img_003.jpg","481173567524675885465645","SN码采集 / 激活照片","img_003","C:\Users\guoru\Desktop\audit_robot - 副本\audit_robot - 副本\data\guobu_api_all_20260723_204824\images\481173567524675885465645\img_003.jpg","https://static.jhddsz.com/approval/phoneSubsidy/2026/07/22/e31d0e6b-4e7c-4d9f-9c8e-e3e6ea2fc719.jpg"
"533","0533_481173568603869498572814_img_001.jpg","481173568603869498572814","商品照片","img_001","C:\Users\guoru\Desktop\audit_robot - 副本\audit_robot - 副本\data\guobu_api_all_20260723_204824\images\481173568603869498572814\img_001.jpg","https://static.jhddsz.com/approval/phoneSubsidy/2026/07/22/d338055d-666b-4aa8-b9df-063e6d43957a.jpg"
"534","0534_481173568603869498572814_img_002.jpg","481173568603869498572814","拆封照片","img_002","C:\Users\guoru\Desktop\audit_robot - 副本\audit_robot - 副本\data\guobu_api_all_20260723_204824\images\481173568603869498572814\img_002.jpg","https://static.jhddsz.com/approval/phoneSubsidy/2026/07/22/4956e920-d2d4-4469-ab1e-48c6a4d7c354.jpg"
"535","0535_481173568603869498572814_img_003.jpg","481173568603869498572814","SN码采集 / 激活照片","img_003","C:\Users\guoru\Desktop\audit_robot - 副本\audit_robot - 副本\data\guobu_api_all_20260723_204824\images\481173568603869498572814\img_003.jpg","https://static.jhddsz.com/approval/phoneSubsidy/2026/07/22/cf091a8f-d153-4201-a716-6f59d7d4dc1f.jpg"
"536","0536_481173568681211628748811_img_001.jpg","481173568681211628748811","商品照片","img_001","C:\Users\guoru\Desktop\audit_robot - 副本\audit_robot - 副本\data\guobu_api_all_20260723_204824\images\481173568681211628748811\img_001.jpg","https://static.jhddsz.com/approval/phoneSubsidy/2026/07/22/72a9dd70-3650-4969-b419-7c10ef627425.jpg"
"537","0537_481173568681211628748811_img_002.jpg","481173568681211628748811","拆封照片","img_002","C:\Users\guoru\Desktop\audit_robot - 副本\audit_robot - 副本\data\guobu_api_all_20260723_204824\images\481173568681211628748811\img_002.jpg","https://static.jhddsz.com/approval/phoneSubsidy/2026/07/22/26caa257-e393-4916-9623-acb0d39fa070.jpg"
"538","0538_481173568681211628748811_img_003.jpg","481173568681211628748811","SN码采集 / 激活照片","img_003","C:\Users\guoru\Desktop\audit_robot - 副本\audit_robot - 副本\data\guobu_api_all_20260723_204824\images\481173568681211628748811\img_003.jpg","https://static.jhddsz.com/approval/phoneSubsidy/2026/07/22/b9aeabc7-e5c4-46b1-992a-638a00819f92.jpg"
"539","0539_481173568702279617740875_img_001.jpg","481173568702279617740875","商品照片","img_001","C:\Users\guoru\Desktop\audit_robot - 副本\audit_robot - 副本\data\guobu_api_all_20260723_204824\images\481173568702279617740875\img_001.jpg","https://static.jhddsz.com/approval/phoneSubsidy/2026/07/22/fcd91295-03e3-46aa-bd15-984febe38e68.jpg"
"540","0540_481173568702279617740875_img_002.jpg","481173568702279617740875","拆封照片","img_002","C:\Users\guoru\Desktop\audit_robot - 副本\audit_robot - 副本\data\guobu_api_all_20260723_204824\images\481173568702279617740875\img_002.jpg","https://static.jhddsz.com/approval/phoneSubsidy/2026/07/22/f02e684e-74ee-46fb-b619-773e275231fb.jpg"
"541","0541_481173568702279617740875_img_003.jpg","481173568702279617740875","SN码采集 / 激活照片","img_003","C:\Users\guoru\Desktop\audit_robot - 副本\audit_robot - 副本\data\guobu_api_all_20260723_204824\images\481173568702279617740875\img_003.jpg","https://static.jhddsz.com/approval/phoneSubsidy/2026/07/22/d37bf6e4-37ff-4ab4-90e9-b817a842984f.jpg"
"542","0542_481173570046052388044822_img_001.jpg","481173570046052388044822","商品照片","img_001","C:\Users\guoru\Desktop\audit_robot - 副本\audit_robot - 副本\data\guobu_api_all_20260723_204824\images\481173570046052388044822\img_001.jpg","https://static.jhddsz.com/approval/phoneSubsidy/2026/07/22/0e3c1815-e533-4f76-9544-64bdcbc62934.jpg"
"543","0543_481173570046052388044822_img_002.jpg","481173570046052388044822","拆封照片","img_002","C:\Users\guoru\Desktop\audit_robot - 副本\audit_robot - 副本\data\guobu_api_all_20260723_204824\images\481173570046052388044822\img_002.jpg","https://static.jhddsz.com/approval/phoneSubsidy/2026/07/22/d8be6d48-4086-42dc-beb6-5667a3d2a125.jpg"
"544","0544_481173570046052388044822_img_003.jpg","481173570046052388044822","SN码采集 / 激活照片","img_003","C:\Users\guoru\Desktop\audit_robot - 副本\audit_robot - 副本\data\guobu_api_all_20260723_204824\images\481173570046052388044822\img_003.jpg","https://static.jhddsz.com/approval/phoneSubsidy/2026/07/22/166b21cd-bd46-419f-ba2e-d094e6ae6f55.jpg"
"545","0545_481173571326774745497680_img_001.jpg","481173571326774745497680","商品照片","img_001","C:\Users\guoru\Desktop\audit_robot - 副本\audit_robot - 副本\data\guobu_api_all_20260723_204824\images\481173571326774745497680\img_001.jpg","https://static.jhddsz.com/approval/phoneSubsidy/2026/07/22/152ce6f1-5bc7-4cee-9a4c-01dc7fbc30d0.jpg"
"546","0546_481173571326774745497680_img_002.jpg","481173571326774745497680","拆封照片","img_002","C:\Users\guoru\Desktop\audit_robot - 副本\audit_robot - 副本\data\guobu_api_all_20260723_204824\images\481173571326774745497680\img_002.jpg","https://static.jhddsz.com/approval/phoneSubsidy/2026/07/22/08c7bedf-f597-46fd-a3e6-cf553ac4a01b.jpg"
"547","0547_481173571326774745497680_img_003.jpg","481173571326774745497680","SN码采集 / 激活照片","img_003","C:\Users\guoru\Desktop\audit_robot - 副本\audit_robot - 副本\data\guobu_api_all_20260723_204824\images\481173571326774745497680\img_003.jpg","https://static.jhddsz.com/approval/phoneSubsidy/2026/07/22/d3c8dba6-ae49-41fc-ba7b-27ab2980590b.jpg"
"548","0548_481173572793773640908895_img_001.jpg","481173572793773640908895","商品照片","img_001","C:\Users\guoru\Desktop\audit_robot - 副本\audit_robot - 副本\data\guobu_api_all_20260723_204824\images\481173572793773640908895\img_001.jpg","https://static.jhddsz.com/approval/phoneSubsidy/2026/07/22/44209e49-be1c-48a9-9915-fc9e51610b90.jpg"
"549","0549_481173572793773640908895_img_002.jpg","481173572793773640908895","拆封照片","img_002","C:\Users\guoru\Desktop\audit_robot - 副本\audit_robot - 副本\data\guobu_api_all_20260723_204824\images\481173572793773640908895\img_002.jpg","https://static.jhddsz.com/approval/phoneSubsidy/2026/07/22/37c7f7e6-53cf-452e-869b-c4787a854c78.jpg"
"550","0550_481173572793773640908895_img_003.jpg","481173572793773640908895","SN码采集 / 激活照片","img_003","C:\Users\guoru\Desktop\audit_robot - 副本\audit_robot - 副本\data\guobu_api_all_20260723_204824\images\481173572793773640908895\img_003.jpg","https://static.jhddsz.com/approval/phoneSubsidy/2026/07/22/57a231b6-9739-46b2-8a9a-07030773bedb.jpg"
"551","0551_481173573988254413619285_img_001.jpg","481173573988254413619285","商品照片","img_001","C:\Users\guoru\Desktop\audit_robot - 副本\audit_robot - 副本\data\guobu_api_all_20260723_204824\images\481173573988254413619285\img_001.jpg","https://static.jhddsz.com/approval/phoneSubsidy/2026/07/22/06ab1843-0874-468d-adb7-115755bec4bb.jpg"
"552","0552_481173573988254413619285_img_002.jpg","481173573988254413619285","商品照片","img_002","C:\Users\guoru\Desktop\audit_robot - 副本\audit_robot - 副本\data\guobu_api_all_20260723_204824\images\481173573988254413619285\img_002.jpg","https://static.jhddsz.com/approval/phoneSubsidy/2026/07/22/abb8816b-0bd7-4ca1-99e8-fa639e313b15.jpg"
"553","0553_481173573988254413619285_img_003.jpg","481173573988254413619285","拆封照片","img_003","C:\Users\guoru\Desktop\audit_robot - 副本\audit_robot - 副本\data\guobu_api_all_20260723_204824\images\481173573988254413619285\img_003.jpg","https://static.jhddsz.com/approval/phoneSubsidy/2026/07/22/c7b363ee-e5fc-4904-9b1f-8d005f19bf1d.jpg"
"554","0554_481173573988254413619285_img_004.jpg","481173573988254413619285","SN码采集 / 激活照片","img_004","C:\Users\guoru\Desktop\audit_robot - 副本\audit_robot - 副本\data\guobu_api_all_20260723_204824\images\481173573988254413619285\img_004.jpg","https://static.jhddsz.com/approval/phoneSubsidy/2026/07/22/407b5160-337c-4bbd-af74-b023f2da836b.jpg"
"555","0555_481173575646755176448002_img_001.jpg","481173575646755176448002","商品照片","img_001","C:\Users\guoru\Desktop\audit_robot - 副本\audit_robot - 副本\data\guobu_api_all_20260723_204824\images\481173575646755176448002\img_001.jpg","https://static.jhddsz.com/approval/phoneSubsidy/2026/07/22/41fbdf2c-3d4e-4664-aedd-34e460655877.jpg"
"556","0556_481173575646755176448002_img_002.jpg","481173575646755176448002","拆封照片","img_002","C:\Users\guoru\Desktop\audit_robot - 副本\audit_robot - 副本\data\guobu_api_all_20260723_204824\images\481173575646755176448002\img_002.jpg","https://static.jhddsz.com/approval/phoneSubsidy/2026/07/22/225bf3e6-f386-40ae-a970-263617624378.jpg"
"557","0557_481173575646755176448002_img_003.jpg","481173575646755176448002","SN码采集 / 激活照片","img_003","C:\Users\guoru\Desktop\audit_robot - 副本\audit_robot - 副本\data\guobu_api_all_20260723_204824\images\481173575646755176448002\img_003.jpg","https://static.jhddsz.com/approval/phoneSubsidy/2026/07/22/8874a1c3-8b79-4b81-a331-d9453534a941.jpg"
"558","0558_481173577009721960038440_img_001.jpg","481173577009721960038440","商品照片","img_001","C:\Users\guoru\Desktop\audit_robot - 副本\audit_robot - 副本\data\guobu_api_all_20260723_204824\images\481173577009721960038440\img_001.jpg","https://static.jhddsz.com/approval/phoneSubsidy/2026/07/22/02d7e8a8-6f06-4db6-9955-798a93c71813.jpg"
"559","0559_481173577009721960038440_img_002.jpg","481173577009721960038440","商品照片","img_002","C:\Users\guoru\Desktop\audit_robot - 副本\audit_robot - 副本\data\guobu_api_all_20260723_204824\images\481173577009721960038440\img_002.jpg","https://static.jhddsz.com/approval/phoneSubsidy/2026/07/22/4276447a-bd8b-46e3-97d7-5560e15d3a4b.jpg"
"560","0560_481173577009721960038440_img_003.jpg","481173577009721960038440","拆封照片","img_003","C:\Users\guoru\Desktop\audit_robot - 副本\audit_robot - 副本\data\guobu_api_all_20260723_204824\images\481173577009721960038440\img_003.jpg","https://static.jhddsz.com/approval/phoneSubsidy/2026/07/22/6d80deb1-51d8-4657-af09-820bfcfe9b75.jpg"
"561","0561_481173577009721960038440_img_004.jpg","481173577009721960038440","SN码采集 / 激活照片","img_004","C:\Users\guoru\Desktop\audit_robot - 副本\audit_robot - 副本\data\guobu_api_all_20260723_204824\images\481173577009721960038440\img_004.jpg","https://static.jhddsz.com/approval/phoneSubsidy/2026/07/22/f789804b-aaee-4f71-894d-82d80f400f49.jpg"
"562","0562_481173577199591355187208_img_001.jpg","481173577199591355187208","商品照片","img_001","C:\Users\guoru\Desktop\audit_robot - 副本\audit_robot - 副本\data\guobu_api_all_20260723_204824\images\481173577199591355187208\img_001.jpg","https://static.jhddsz.com/approval/phoneSubsidy/2026/07/22/ae9c0259-e455-4921-bae3-3de1f4a2cfef.jpg"
"563","0563_481173577199591355187208_img_002.jpg","481173577199591355187208","商品照片","img_002","C:\Users\guoru\Desktop\audit_robot - 副本\audit_robot - 副本\data\guobu_api_all_20260723_204824\images\481173577199591355187208\img_002.jpg","https://static.jhddsz.com/approval/phoneSubsidy/2026/07/22/3ce2603f-dee1-4ce2-914f-e0c465940345.jpg"
"564","0564_481173577199591355187208_img_003.jpg","481173577199591355187208","拆封照片","img_003","C:\Users\guoru\Desktop\audit_robot - 副本\audit_robot - 副本\data\guobu_api_all_20260723_204824\images\481173577199591355187208\img_003.jpg","https://static.jhddsz.com/approval/phoneSubsidy/2026/07/22/ce00bd87-1ad0-4403-8f89-854b986a3672.jpg"
"565","0565_481173577199591355187208_img_004.jpg","481173577199591355187208","SN码采集 / 激活照片","img_004","C:\Users\guoru\Desktop\audit_robot - 副本\audit_robot - 副本\data\guobu_api_all_20260723_204824\images\481173577199591355187208\img_004.jpg","https://static.jhddsz.com/approval/phoneSubsidy/2026/07/22/c143aa12-9ac0-4e70-9c30-bde3faed6d6f.jpg"
"566","0566_481173577531184660480027_img_001.jpg","481173577531184660480027","商品照片","img_001","C:\Users\guoru\Desktop\audit_robot - 副本\audit_robot - 副本\data\guobu_api_all_20260723_204824\images\481173577531184660480027\img_001.jpg","https://static.jhddsz.com/approval/phoneSubsidy/2026/07/22/3e49f855-9e0d-41a6-8213-a0c61b7f423a.jpg"
"567","0567_481173577531184660480027_img_002.jpg","481173577531184660480027","商品照片","img_002","C:\Users\guoru\Desktop\audit_robot - 副本\audit_robot - 副本\data\guobu_api_all_20260723_204824\images\481173577531184660480027\img_002.jpg","https://static.jhddsz.com/approval/phoneSubsidy/2026/07/22/a42a3d6c-d68c-4f2a-9aef-5f528652fc4a.jpg"
"568","0568_481173577531184660480027_img_003.jpg","481173577531184660480027","拆封照片","img_003","C:\Users\guoru\Desktop\audit_robot - 副本\audit_robot - 副本\data\guobu_api_all_20260723_204824\images\481173577531184660480027\img_003.jpg","https://static.jhddsz.com/approval/phoneSubsidy/2026/07/22/10729563-ea00-4df6-8820-0c6096c6cdbf.jpg"
"569","0569_481173577531184660480027_img_004.jpg","481173577531184660480027","SN码采集 / 激活照片","img_004","C:\Users\guoru\Desktop\audit_robot - 副本\audit_robot - 副本\data\guobu_api_all_20260723_204824\images\481173577531184660480027\img_004.jpg","https://static.jhddsz.com/approval/phoneSubsidy/2026/07/22/08851ad1-e2fa-4b8e-96ef-c99c47947a10.jpg"
"570","0570_481173578368704944537682_img_001.jpg","481173578368704944537682","商品照片","img_001","C:\Users\guoru\Desktop\audit_robot - 副本\audit_robot - 副本\data\guobu_api_all_20260723_204824\images\481173578368704944537682\img_001.jpg","https://static.jhddsz.com/approval/phoneSubsidy/2026/07/22/700badb4-22e6-4c6e-bf4c-13b9ede3128e.jpg"
"571","0571_481173578368704944537682_img_002.jpg","481173578368704944537682","拆封照片","img_002","C:\Users\guoru\Desktop\audit_robot - 副本\audit_robot - 副本\data\guobu_api_all_20260723_204824\images\481173578368704944537682\img_002.jpg","https://static.jhddsz.com/approval/phoneSubsidy/2026/07/22/70da5c2b-84df-447c-b38a-a799424ac0bb.jpg"
"572","0572_481173578368704944537682_img_003.jpg","481173578368704944537682","SN码采集 / 激活照片","img_003","C:\Users\guoru\Desktop\audit_robot - 副本\audit_robot - 副本\data\guobu_api_all_20260723_204824\images\481173578368704944537682\img_003.jpg","https://static.jhddsz.com/approval/phoneSubsidy/2026/07/22/a63bb4f8-c28b-4298-b0f0-aa42faf82ef7.jpg"
"573","0573_481173582358997997977604_img_001.jpg","481173582358997997977604","商品照片","img_001","C:\Users\guoru\Desktop\audit_robot - 副本\audit_robot - 副本\data\guobu_api_all_20260723_204824\images\481173582358997997977604\img_001.jpg","https://static.jhddsz.com/approval/phoneSubsidy/2026/07/22/a841e4fc-ccab-48cf-b354-af2b7f6dc749.jpg"
"574","0574_481173582358997997977604_img_002.jpg","481173582358997997977604","拆封照片","img_002","C:\Users\guoru\Desktop\audit_robot - 副本\audit_robot - 副本\data\guobu_api_all_20260723_204824\images\481173582358997997977604\img_002.jpg","https://static.jhddsz.com/approval/phoneSubsidy/2026/07/22/e2df7021-29b2-4c22-a3cb-20eee5d19e88.jpg"
"575","0575_481173582358997997977604_img_003.jpg","481173582358997997977604","SN码采集 / 激活照片","img_003","C:\Users\guoru\Desktop\audit_robot - 副本\audit_robot - 副本\data\guobu_api_all_20260723_204824\images\481173582358997997977604\img_003.jpg","https://static.jhddsz.com/approval/phoneSubsidy/2026/07/22/671acd16-5ba3-4a65-ac59-2b74d8f06ae5.jpg"
"576","0576_481173615320525714227224_img_001.jpg","481173615320525714227224","商品照片","img_001","C:\Users\guoru\Desktop\audit_robot - 副本\audit_robot - 副本\data\guobu_api_all_20260723_204824\images\481173615320525714227224\img_001.jpg","https://static.jhddsz.com/approval/phoneSubsidy/2026/07/23/3d1b03e8-1389-40fe-a941-d304a26ef155.jpg"
"577","0577_481173615320525714227224_img_002.jpg","481173615320525714227224","拆封照片","img_002","C:\Users\guoru\Desktop\audit_robot - 副本\audit_robot - 副本\data\guobu_api_all_20260723_204824\images\481173615320525714227224\img_002.jpg","https://static.jhddsz.com/approval/phoneSubsidy/2026/07/23/ee6711c3-f37b-47bf-a95a-e500be278a34.jpg"
"578","0578_481173615320525714227224_img_003.jpg","481173615320525714227224","SN码采集 / 激活照片","img_003","C:\Users\guoru\Desktop\audit_robot - 副本\audit_robot - 副本\data\guobu_api_all_20260723_204824\images\481173615320525714227224\img_003.jpg","https://static.jhddsz.com/approval/phoneSubsidy/2026/07/23/92a2f2f3-a870-4945-a2fc-5700d1047158.jpg"
"579","0579_481173616333335206297603_img_001.jpg","481173616333335206297603","商品照片","img_001","C:\Users\guoru\Desktop\audit_robot - 副本\audit_robot - 副本\data\guobu_api_all_20260723_204824\images\481173616333335206297603\img_001.jpg","https://static.jhddsz.com/approval/phoneSubsidy/2026/07/23/7fe7b5c8-9872-4df4-acaa-e27d9ae62c35.jpg"
"580","0580_481173616333335206297603_img_002.jpg","481173616333335206297603","拆封照片","img_002","C:\Users\guoru\Desktop\audit_robot - 副本\audit_robot - 副本\data\guobu_api_all_20260723_204824\images\481173616333335206297603\img_002.jpg","https://static.jhddsz.com/approval/phoneSubsidy/2026/07/23/bbe71837-5730-42be-9d99-15a25d101e22.jpg"
"581","0581_481173616333335206297603_img_003.jpg","481173616333335206297603","SN码采集 / 激活照片","img_003","C:\Users\guoru\Desktop\audit_robot - 副本\audit_robot - 副本\data\guobu_api_all_20260723_204824\images\481173616333335206297603\img_003.jpg","https://static.jhddsz.com/approval/phoneSubsidy/2026/07/23/52212352-9d8a-44e9-a433-4f78c8832dae.jpg"
"582","0582_481173616838986252288072_img_001.jpg","481173616838986252288072","商品照片","img_001","C:\Users\guoru\Desktop\audit_robot - 副本\audit_robot - 副本\data\guobu_api_all_20260723_204824\images\481173616838986252288072\img_001.jpg","https://static.jhddsz.com/approval/phoneSubsidy/2026/07/23/84c1a134-d8a8-4f08-9399-8a326a54398a.jpg"
"583","0583_481173616838986252288072_img_002.jpg","481173616838986252288072","拆封照片","img_002","C:\Users\guoru\Desktop\audit_robot - 副本\audit_robot - 副本\data\guobu_api_all_20260723_204824\images\481173616838986252288072\img_002.jpg","https://static.jhddsz.com/approval/phoneSubsidy/2026/07/23/1bb475c9-f53f-4c86-b2e2-894e68454f3a.jpg"
"584","0584_481173616838986252288072_img_003.jpg","481173616838986252288072","SN码采集 / 激活照片","img_003","C:\Users\guoru\Desktop\audit_robot - 副本\audit_robot - 副本\data\guobu_api_all_20260723_204824\images\481173616838986252288072\img_003.jpg","https://static.jhddsz.com/approval/phoneSubsidy/2026/07/23/18f66400-8e6a-486f-87bb-01fb8abfd80d.jpg"
"585","0585_481173617698042609664026_img_001.jpg","481173617698042609664026","商品照片","img_001","C:\Users\guoru\Desktop\audit_robot - 副本\audit_robot - 副本\data\guobu_api_all_20260723_204824\images\481173617698042609664026\img_001.jpg","https://static.jhddsz.com/approval/phoneSubsidy/2026/07/23/4e6a920c-b29d-4065-96a8-bf3a03d11918.jpg"
"586","0586_481173617698042609664026_img_002.jpg","481173617698042609664026","拆封照片","img_002","C:\Users\guoru\Desktop\audit_robot - 副本\audit_robot - 副本\data\guobu_api_all_20260723_204824\images\481173617698042609664026\img_002.jpg","https://static.jhddsz.com/approval/phoneSubsidy/2026/07/23/565af894-ce9b-4b8e-9e40-6a0c99dc2d2f.jpg"
"587","0587_481173617698042609664026_img_003.jpg","481173617698042609664026","SN码采集 / 激活照片","img_003","C:\Users\guoru\Desktop\audit_robot - 副本\audit_robot - 副本\data\guobu_api_all_20260723_204824\images\481173617698042609664026\img_003.jpg","https://static.jhddsz.com/approval/phoneSubsidy/2026/07/23/3cac3d2b-db70-477a-a1c2-0e17c0867a8c.jpg"
"588","0588_481173619875836801843251_img_001.jpg","481173619875836801843251","商品照片","img_001","C:\Users\guoru\Desktop\audit_robot - 副本\audit_robot - 副本\data\guobu_api_all_20260723_204824\images\481173619875836801843251\img_001.jpg","https://static.jhddsz.com/approval/phoneSubsidy/2026/07/23/0ca80bfb-866c-4d2f-a85d-c11a5dca091f.jpg"
"589","0589_481173619875836801843251_img_002.jpg","481173619875836801843251","商品照片","img_002","C:\Users\guoru\Desktop\audit_robot - 副本\audit_robot - 副本\data\guobu_api_all_20260723_204824\images\481173619875836801843251\img_002.jpg","https://static.jhddsz.com/approval/phoneSubsidy/2026/07/23/1f3e4fd4-2fee-4dac-a80d-2b865e35875b.jpg"
"590","0590_481173619875836801843251_img_003.jpg","481173619875836801843251","拆封照片","img_003","C:\Users\guoru\Desktop\audit_robot - 副本\audit_robot - 副本\data\guobu_api_all_20260723_204824\images\481173619875836801843251\img_003.jpg","https://static.jhddsz.com/approval/phoneSubsidy/2026/07/23/896886ea-be59-4e50-8a4b-45602a18b1f4.jpg"
"591","0591_481173619875836801843251_img_004.jpg","481173619875836801843251","SN码采集 / 激活照片","img_004","C:\Users\guoru\Desktop\audit_robot - 副本\audit_robot - 副本\data\guobu_api_all_20260723_204824\images\481173619875836801843251\img_004.jpg","https://static.jhddsz.com/approval/phoneSubsidy/2026/07/23/3f0ec7f5-65d3-4bc4-8922-46558b2a0b3d.jpg"
"592","0592_481173621679256659558438_img_001.jpg","481173621679256659558438","商品照片","img_001","C:\Users\guoru\Desktop\audit_robot - 副本\audit_robot - 副本\data\guobu_api_all_20260723_204824\images\481173621679256659558438\img_001.jpg","https://static.jhddsz.com/approval/phoneSubsidy/2026/07/23/ef85b7c6-6b60-44d4-9ca3-800b22181b14.jpg"
"593","0593_481173621679256659558438_img_002.jpg","481173621679256659558438","拆封照片","img_002","C:\Users\guoru\Desktop\audit_robot - 副本\audit_robot - 副本\data\guobu_api_all_20260723_204824\images\481173621679256659558438\img_002.jpg","https://static.jhddsz.com/approval/phoneSubsidy/2026/07/23/e770332a-0406-49c2-9c00-ec1d39b6154c.jpg"
"594","0594_481173621679256659558438_img_003.jpg","481173621679256659558438","SN码采集 / 激活照片","img_003","C:\Users\guoru\Desktop\audit_robot - 副本\audit_robot - 副本\data\guobu_api_all_20260723_204824\images\481173621679256659558438\img_003.jpg","https://static.jhddsz.com/approval/phoneSubsidy/2026/07/23/24fb3048-1cc7-4436-b552-f5616ed36e4d.jpg"
"595","0595_481173621871614181376024_img_001.jpg","481173621871614181376024","商品照片","img_001","C:\Users\guoru\Desktop\audit_robot - 副本\audit_robot - 副本\data\guobu_api_all_20260723_204824\images\481173621871614181376024\img_001.jpg","https://static.jhddsz.com/approval/phoneSubsidy/2026/07/23/e78b16c7-bb22-40d9-83a0-2e87c2387792.jpg"
"596","0596_481173621871614181376024_img_002.jpg","481173621871614181376024","拆封照片","img_002","C:\Users\guoru\Desktop\audit_robot - 副本\audit_robot - 副本\data\guobu_api_all_20260723_204824\images\481173621871614181376024\img_002.jpg","https://static.jhddsz.com/approval/phoneSubsidy/2026/07/23/e7446bbd-7cf3-41d2-899c-afb992335b4a.jpg"
"597","0597_481173621871614181376024_img_003.jpg","481173621871614181376024","SN码采集 / 激活照片","img_003","C:\Users\guoru\Desktop\audit_robot - 副本\audit_robot - 副本\data\guobu_api_all_20260723_204824\images\481173621871614181376024\img_003.jpg","https://static.jhddsz.com/approval/phoneSubsidy/2026/07/23/5893b9bc-36c4-42f8-b29d-1bf3bc1226f6.jpg"
"598","0598_481173621947525215027262_img_001.jpg","481173621947525215027262","商品照片","img_001","C:\Users\guoru\Desktop\audit_robot - 副本\audit_robot - 副本\data\guobu_api_all_20260723_204824\images\481173621947525215027262\img_001.jpg","https://static.jhddsz.com/approval/phoneSubsidy/2026/07/23/02c3541f-6b57-44d5-9750-bd926fa372e6.jpg"
"599","0599_481173621947525215027262_img_002.jpg","481173621947525215027262","拆封照片","img_002","C:\Users\guoru\Desktop\audit_robot - 副本\audit_robot - 副本\data\guobu_api_all_20260723_204824\images\481173621947525215027262\img_002.jpg","https://static.jhddsz.com/approval/phoneSubsidy/2026/07/23/4e48454c-bbc5-40ef-a785-f60e7fea346a.jpg"
"600","0600_481173621947525215027262_img_003.jpg","481173621947525215027262","SN码采集 / 激活照片","img_003","C:\Users\guoru\Desktop\audit_robot - 副本\audit_robot - 副本\data\guobu_api_all_20260723_204824\images\481173621947525215027262\img_003.jpg","https://static.jhddsz.com/approval/phoneSubsidy/2026/07/23/10d1511d-aaff-4f04-8c76-9a1fa8873288.jpg"
"601","0601_481173622586196882227248_img_001.jpg","481173622586196882227248","商品照片","img_001","C:\Users\guoru\Desktop\audit_robot - 副本\audit_robot - 副本\data\guobu_api_all_20260723_204824\images\481173622586196882227248\img_001.jpg","https://static.jhddsz.com/approval/phoneSubsidy/2026/07/23/884fa44f-ab41-4197-937f-7becb0d65d67.jpg"
"602","0602_481173622586196882227248_img_002.jpg","481173622586196882227248","商品照片","img_002","C:\Users\guoru\Desktop\audit_robot - 副本\audit_robot - 副本\data\guobu_api_all_20260723_204824\images\481173622586196882227248\img_002.jpg","https://static.jhddsz.com/approval/phoneSubsidy/2026/07/23/b8f553a5-ebb7-4cc2-82c5-e9f7c7791272.jpg"
"603","0603_481173622586196882227248_img_003.jpg","481173622586196882227248","拆封照片","img_003","C:\Users\guoru\Desktop\audit_robot - 副本\audit_robot - 副本\data\guobu_api_all_20260723_204824\images\481173622586196882227248\img_003.jpg","https://static.jhddsz.com/approval/phoneSubsidy/2026/07/23/4d5c9f94-ae16-439c-823d-d94991cf6df1.jpg"
"604","0604_481173622586196882227248_img_004.jpg","481173622586196882227248","SN码采集 / 激活照片","img_004","C:\Users\guoru\Desktop\audit_robot - 副本\audit_robot - 副本\data\guobu_api_all_20260723_204824\images\481173622586196882227248\img_004.jpg","https://static.jhddsz.com/approval/phoneSubsidy/2026/07/23/c57fabe2-4fae-4903-94f5-981a019e482b.jpg"
"605","0605_481173623525330072371267_img_001.jpg","481173623525330072371267","商品照片","img_001","C:\Users\guoru\Desktop\audit_robot - 副本\audit_robot - 副本\data\guobu_api_all_20260723_204824\images\481173623525330072371267\img_001.jpg","https://static.jhddsz.com/approval/phoneSubsidy/2026/07/23/fb30b7b9-0955-4f36-8d46-04030eb3e30e.jpg"
"606","0606_481173623525330072371267_img_002.jpg","481173623525330072371267","拆封照片","img_002","C:\Users\guoru\Desktop\audit_robot - 副本\audit_robot - 副本\data\guobu_api_all_20260723_204824\images\481173623525330072371267\img_002.jpg","https://static.jhddsz.com/approval/phoneSubsidy/2026/07/23/8411bf1f-9e8c-4af3-a107-6e2908895e26.jpg"
"607","0607_481173623525330072371267_img_003.jpg","481173623525330072371267","SN码采集 / 激活照片","img_003","C:\Users\guoru\Desktop\audit_robot - 副本\audit_robot - 副本\data\guobu_api_all_20260723_204824\images\481173623525330072371267\img_003.jpg","https://static.jhddsz.com/approval/phoneSubsidy/2026/07/23/02e73a0f-f190-4a09-8845-fa1c8f25edf2.jpg"
"608","0608_481173623924627829555299_img_001.jpg","481173623924627829555299","商品照片","img_001","C:\Users\guoru\Desktop\audit_robot - 副本\audit_robot - 副本\data\guobu_api_all_20260723_204824\images\481173623924627829555299\img_001.jpg","https://static.jhddsz.com/approval/phoneSubsidy/2026/07/23/2d3a55e0-e75a-43c8-baad-b2226d7a9c99.jpg"
"609","0609_481173623924627829555299_img_002.jpg","481173623924627829555299","拆封照片","img_002","C:\Users\guoru\Desktop\audit_robot - 副本\audit_robot - 副本\data\guobu_api_all_20260723_204824\images\481173623924627829555299\img_002.jpg","https://static.jhddsz.com/approval/phoneSubsidy/2026/07/23/d42bd279-efe2-44f9-a603-1ae4df1902ef.jpg"
"610","0610_481173623924627829555299_img_003.jpg","481173623924627829555299","SN码采集 / 激活照片","img_003","C:\Users\guoru\Desktop\audit_robot - 副本\audit_robot - 副本\data\guobu_api_all_20260723_204824\images\481173623924627829555299\img_003.jpg","https://static.jhddsz.com/approval/phoneSubsidy/2026/07/23/56ed34e1-76fb-4dc1-b96a-8e7a584903c0.jpg"
"611","0611_481173624404259926835257_img_001.jpg","481173624404259926835257","商品照片","img_001","C:\Users\guoru\Desktop\audit_robot - 副本\audit_robot - 副本\data\guobu_api_all_20260723_204824\images\481173624404259926835257\img_001.jpg","https://static.jhddsz.com/approval/phoneSubsidy/2026/07/23/b45e3d23-f50a-4af7-b118-7cc70c3255b6.jpg"
"612","0612_481173624404259926835257_img_002.jpg","481173624404259926835257","拆封照片","img_002","C:\Users\guoru\Desktop\audit_robot - 副本\audit_robot - 副本\data\guobu_api_all_20260723_204824\images\481173624404259926835257\img_002.jpg","https://static.jhddsz.com/approval/phoneSubsidy/2026/07/23/5459e7cf-882d-4935-ad30-984add578923.jpg"
"613","0613_481173624404259926835257_img_003.jpg","481173624404259926835257","SN码采集 / 激活照片","img_003","C:\Users\guoru\Desktop\audit_robot - 副本\audit_robot - 副本\data\guobu_api_all_20260723_204824\images\481173624404259926835257\img_003.jpg","https://static.jhddsz.com/approval/phoneSubsidy/2026/07/23/fc0acb7d-c649-4570-be74-6daff2eabf0a.jpg"
"614","0614_481173625042082702950484_img_001.jpg","481173625042082702950484","商品照片","img_001","C:\Users\guoru\Desktop\audit_robot - 副本\audit_robot - 副本\data\guobu_api_all_20260723_204824\images\481173625042082702950484\img_001.jpg","https://static.jhddsz.com/approval/phoneSubsidy/2026/07/23/94925d3a-a9be-4dfc-aae1-14266dd21ace.jpg"
"615","0615_481173625042082702950484_img_002.jpg","481173625042082702950484","拆封照片","img_002","C:\Users\guoru\Desktop\audit_robot - 副本\audit_robot - 副本\data\guobu_api_all_20260723_204824\images\481173625042082702950484\img_002.jpg","https://static.jhddsz.com/approval/phoneSubsidy/2026/07/23/fce3d566-4c85-4517-ab92-5434bdb4d8e3.jpg"
"616","0616_481173625042082702950484_img_003.jpg","481173625042082702950484","SN码采集 / 激活照片","img_003","C:\Users\guoru\Desktop\audit_robot - 副本\audit_robot - 副本\data\guobu_api_all_20260723_204824\images\481173625042082702950484\img_003.jpg","https://static.jhddsz.com/approval/phoneSubsidy/2026/07/23/1a8b84fd-52dd-4e0a-a9cf-0be0693d8f02.jpg"
"617","0617_481173625509485019136076_img_001.jpg","481173625509485019136076","商品照片","img_001","C:\Users\guoru\Desktop\audit_robot - 副本\audit_robot - 副本\data\guobu_api_all_20260723_204824\images\481173625509485019136076\img_001.jpg","https://static.jhddsz.com/approval/phoneSubsidy/2026/07/23/e27a8b3b-e82d-40bc-ba50-49a83b62be05.jpg"
"618","0618_481173625509485019136076_img_002.jpg","481173625509485019136076","拆封照片","img_002","C:\Users\guoru\Desktop\audit_robot - 副本\audit_robot - 副本\data\guobu_api_all_20260723_204824\images\481173625509485019136076\img_002.jpg","https://static.jhddsz.com/approval/phoneSubsidy/2026/07/23/f3430637-eb63-4824-95aa-169940392326.jpg"
"619","0619_481173625509485019136076_img_003.jpg","481173625509485019136076","SN码采集 / 激活照片","img_003","C:\Users\guoru\Desktop\audit_robot - 副本\audit_robot - 副本\data\guobu_api_all_20260723_204824\images\481173625509485019136076\img_003.jpg","https://static.jhddsz.com/approval/phoneSubsidy/2026/07/23/4134b051-0ea4-41c2-8dd5-47a591852962.jpg"
"620","0620_481173625948891227750457_img_001.jpg","481173625948891227750457","商品照片","img_001","C:\Users\guoru\Desktop\audit_robot - 副本\audit_robot - 副本\data\guobu_api_all_20260723_204824\images\481173625948891227750457\img_001.jpg","https://static.jhddsz.com/approval/phoneSubsidy/2026/07/23/18ea5ad0-02ba-4887-961c-34aefb47ec0c.jpg"
"621","0621_481173625948891227750457_img_002.jpg","481173625948891227750457","拆封照片","img_002","C:\Users\guoru\Desktop\audit_robot - 副本\audit_robot - 副本\data\guobu_api_all_20260723_204824\images\481173625948891227750457\img_002.jpg","https://static.jhddsz.com/approval/phoneSubsidy/2026/07/23/0f222fc4-80f6-4fc1-9e77-35cb5e1ba42e.jpg"
"622","0622_481173625948891227750457_img_003.jpg","481173625948891227750457","SN码采集 / 激活照片","img_003","C:\Users\guoru\Desktop\audit_robot - 副本\audit_robot - 副本\data\guobu_api_all_20260723_204824\images\481173625948891227750457\img_003.jpg","https://static.jhddsz.com/approval/phoneSubsidy/2026/07/23/a7485cbc-d66e-4aa0-b442-1354e1d97c35.jpg"
"623","0623_481173627696447972966460_img_001.jpg","481173627696447972966460","商品照片","img_001","C:\Users\guoru\Desktop\audit_robot - 副本\audit_robot - 副本\data\guobu_api_all_20260723_204824\images\481173627696447972966460\img_001.jpg","https://static.jhddsz.com/approval/phoneSubsidy/2026/07/23/cec006dc-bb1d-4934-916b-80f6d3b8240a.jpg"
"624","0624_481173627696447972966460_img_002.jpg","481173627696447972966460","拆封照片","img_002","C:\Users\guoru\Desktop\audit_robot - 副本\audit_robot - 副本\data\guobu_api_all_20260723_204824\images\481173627696447972966460\img_002.jpg","https://static.jhddsz.com/approval/phoneSubsidy/2026/07/23/66d2c4c7-cfae-4c2a-965a-335bba360443.jpg"
"625","0625_481173627696447972966460_img_003.jpg","481173627696447972966460","SN码采集 / 激活照片","img_003","C:\Users\guoru\Desktop\audit_robot - 副本\audit_robot - 副本\data\guobu_api_all_20260723_204824\images\481173627696447972966460\img_003.jpg","https://static.jhddsz.com/approval/phoneSubsidy/2026/07/23/84df3085-d697-4686-9186-20e335e3ee67.jpg"
